idUsuario;idTMWCliente
00d876d0-e13f-424a-949d-bab522d1f38e;cc10338f-4128-4385-af0d-ea63aac09362
014ce49e-73ab-43fc-9b1d-6f9548fca0bf;db0a41ae-ba83-432c-a204-7284b315f88e
0154adad-7ab1-434b-b36d-4c3c5afcc198;c118b656-d791-45a1-8dcd-041000a17411
015d2db4-b2dd-49c5-8e8d-96d7d7664f2c;2ff011e5-3734-42a7-a44c-185286afdd7d
01a641ea-323e-4e95-9940-959d6d470c91;c44444c6-9eeb-4b1e-82b1-ea20ef15ddd4
01bf4c77-64a1-45b8-8146-90194ee79fa6;5964c688-8822-4c7d-bea7-00c8340209c5
01c12e47-47f9-47a1-b6ff-de1d1b3a2655;b533f4b5-b2a4-43c5-a468-19c55e40aa5d
0209124f-eae1-4689-859b-d42950422ad0;94670f35-ada6-47ae-8193-d52bba48438b
02a3fb95-1dd1-449d-839f-a65a7f151a70;acee2df0-44f4-47fb-9a10-33f93e2b3df0
02e31b18-6cc4-4ce9-8498-5769d12373f5;14f2c729-2dc7-4f66-b8e2-40cf5c004e83
0387b8cc-58ee-4c6d-b5c3-e1dd7628726a;5b49dc98-494a-4428-96e8-9c9d5f5ccb48
0397f365-fe24-485a-aad7-f0a57c8ecfcc;bad66fee-efb2-4d96-a61d-b54dcc7bc08d
03a27411-2d35-449a-b542-6c769e95737b;8a647d47-b722-469f-949d-6b628bdda823
049147b1-24a6-4f98-8ddf-311e20dab654;71300d61-4cac-4e57-941b-01fc89fc3d8a
04b2b5d9-1fa7-46be-8973-901313c9f130;55ec6d6b-14a8-4f66-9fa5-4f4acd0257ef
04d50722-0008-4851-a421-5788cb2a5567;cf1876ff-0935-4951-8f0e-579afd9099f6
04d5db67-8d4d-45ee-9a16-2bb028a518c4;ca35412d-b340-4e7d-a391-020ec6bb6517
051136e6-3faa-4077-9f68-4ce4eb8dcd13;aa2b205d-65a7-4c42-bf6e-3ddfe517aaa1
0547f46e-20ed-48a4-815c-6b4448ee4ee5;906fe8e3-64e4-42ac-8b28-4bcd4f1dbdda
054deb54-f29c-490c-841f-429ffd757675;61899195-700c-4b38-b206-2539af23e4aa
06137866-117b-4486-aad0-1da5b6a5823a;5295a06d-fc3a-4218-8db0-51fa6474df76
0666bbcc-87c3-43e4-a7cf-bd476592e7ca;dd0a799e-b1e1-4287-9e2a-f348ad2598f7
06a96bf2-8974-43bf-a2cf-ae7ab511e861;5eee1164-fe64-4679-b828-7881fb023432
0704cca1-3a13-4418-a53f-7d85c9bc75b0;de3789f3-880e-4093-91a6-d7d63f5e6551
07fb0fdb-1c65-4db3-9c53-73794493e0ba;712b4cec-bb40-4173-aaa5-d40b4aa17bda
08396c48-ea01-4b85-8789-467d99b24919;15067cb3-b8d9-4a46-9b2d-7ea5034d3bb9
08d9ba17-d012-4d13-99e0-66f505ae7bb7;535ea6df-dac5-4743-8241-596a04495c37
0972c4d3-a667-46ba-8f29-254a9eb4047c;ff8d55dc-64fa-40de-992a-04a4155f5634
0a5c38d6-138f-40f7-a9f8-91fdea80d990;c8c32985-6626-433b-b2f5-a1b9eed8917f
0b90d475-017d-42e2-8029-2b95014b92b1;dcb2d997-c7de-437e-b29a-b88f79a0ca69
0bb0626b-0545-405e-a546-56a0210417dd;9249e8ec-d024-4cb5-826f-f4e5d682bafa
0c1f6f7e-148b-4ebd-a5f7-45ba2f9671e3;a4453fb3-7440-4843-800c-ed116186e3a3
0d3ac8de-c380-40fd-87b9-4580208066a3;673a4648-3114-4aad-b09c-6a6991a366f6
0d70de50-4c92-4dc0-8c69-9e29acace1ca;20f15ff9-0d68-41fe-aa04-fedfa95e310d
0d9dac5a-bdb3-40b2-90a8-8165e0e357af;51b88495-ffa8-4cac-8f53-7a10c63060b0
0dd02e72-eb06-4ddd-9755-da974ce1d082;d94d46eb-afc7-465b-9cb2-e10ea3695bb0
0dd17379-822a-4fdf-bcd0-74214000ed40;02f0f7e0-26d9-481f-863c-2e1133246599
0de2310a-7b25-4529-b7e4-81c66040138e;fcc55915-2992-4b43-b5d9-64bb24760498
0e3f92c8-d968-44b8-a1d9-3ba688e97ba1;9d93abfe-20cb-4788-a542-76fa15320e3f
0eb0eaa0-d0c4-4dea-9690-3ba4909f1bd7;531d1943-dbb4-4052-a4f9-0e250b226d3c
0ee8fcb3-360a-4574-a008-5de73a63f2fa;6c019841-14a7-4ce2-86ed-86069525c72b
0f02e2b0-35b9-428b-9bbd-7364f2791b76;d777737c-6bd3-4818-b784-0c5b81d7589e
0f0d6d44-9102-4b99-8546-0376bb4b0c8a;bf41654b-d93c-42c5-acf4-d371881528e8
0f38299e-493b-423f-a6de-679c9c760c28;490dc933-3e39-4617-b0d3-7565a8dafaad
0f9ee5c8-098a-4a6f-b9b2-f932e286570f;17ae125a-6f34-407d-bfc3-41c5c6127e29
0fcb7abd-eaf6-4f2b-8e74-1187af33dc28;0c0db744-6eb6-495a-b02d-4621bb8bd7a5
101c61fa-5831-4dbe-8b94-48428ad06514;338f2025-8822-4270-9d5d-cbe884f79f30
101e343a-3baa-421b-8d22-910454e442fe;8c0212c7-9c9b-42ea-ade3-a81bfe8692af
102ada0f-f982-475b-b6ad-17622c7560ff;73c6a3d7-0236-487a-ae1d-e13dc22314ce
109e3669-eaf4-40b7-af05-1a52057f4192;83a3899d-4fab-4950-a51b-8f0efd55b83c
10a8bf36-5147-4f04-b147-13e4260eb34b;e6a6d761-cbfa-413f-b4df-95c0609eb7bc
10d5340d-b113-40c4-a46e-c51019d660e6;bc0c08e8-85d2-4117-b573-bc82a21bdbca
10e26d0b-0ce8-42e7-a663-b7aacc0d0d3d;1d6a6668-4b84-4dd3-b12b-5da734ea9867
116d1163-2678-483e-a0c2-07118d43d0a3;f637125e-9b22-4c16-b1a6-3c5098c2ec06
119324ca-f444-4a14-9c88-8072b8529533;6bcb9305-ac81-472a-9fd3-5522f465e8f1
119f98f9-d5d9-4af4-ad99-358c70cd8b53;50d10d94-9903-4e22-b154-101387b7934a
11b19563-a5c2-4347-8ab8-24db1a4afe22;4fade907-6e0f-4581-a674-aad6622b1b10
11ffc149-3e36-4ffa-9b4e-80554dacee5c;d1e03947-ee91-479b-99de-4d6c85460eff
12329806-8851-4513-a894-c33294d8af8f;46c6592c-ca74-4640-97a6-0bf72f4dbc63
126efc7c-609c-4ba8-a5dc-f019d19edff0;13a5289b-262f-4ffd-9345-7840c766d7ba
12a6ce42-de31-4173-8c1c-718f6ba2dfc0;4363fea7-4663-4f33-92e1-5af06a1c2327
12dd3571-a8d6-43bc-b9a0-3bd515db9df1;ef9517b5-46cb-4873-b99b-9e072a3e6a29
12fd79bc-2fc6-439a-93ba-2bf359fe4180;5efac7fa-3580-4e4e-9331-53e51951de58
130f2a3e-e01b-40e9-b766-4563c0f0baf3;b32c7aaa-4607-4c92-b985-8405a51f676b
13cc8c0d-d830-4ec7-bb05-730add60f684;9897167b-c806-4884-8f45-2876d222c4f6
144a632c-d0f4-4450-a2fc-dc4a8e17a5ec;f9296cf3-2d84-416a-a1ba-902353ce565d
1483511c-cf61-4f74-8f44-3815a4f42aed;83a5a9fa-02fe-4ceb-86ad-c24a744fa0a9
14a1d749-62e8-4cb3-8b2c-0bd2e4a3653f;34d626eb-d0a0-4fc1-b4bf-a1f75da41048
14c19bb6-e37b-41ec-8984-4f75dce7c9c3;3604d778-ee61-4bca-b275-2feb767b5cda
14d94da4-2294-4a1f-a37a-c47887cf3c2e;d4e7dca3-1a43-46d8-adf5-f55d372d90f4
1572cd63-b92a-4474-ad80-6752766d48bd;ba1ee377-b165-450d-888c-26227b836db3
161e3f5d-ac0b-42ec-8882-5b4ce9cded5d;ab42e2b9-70c7-4063-9154-850b26cfaf80
16f1c00b-b44c-4848-940e-658ae9695c17;8812c33a-df17-4bbe-8ba0-d1a216cd6d4b
170ff955-1e62-4bac-818d-e43da2da2301;0246afca-433a-4f1c-bb74-161eccdba155
171462a3-b2d8-4b78-99ef-8b152fecc4a7;cc271c56-6e76-4fdc-9c53-e53deebdc892
1753c95e-62f0-4aa7-bc7c-1554eaab31d6;fa9bcda4-2526-463a-9955-0c077e3d590c
175a3694-e182-4ec7-9480-a673ea4b2f4f;43278d21-69b7-4baa-b227-d76fd32b8c8c
1786f487-2e32-4a7e-b08e-b4ce67216d36;3791988b-4c96-4dc6-9104-8f5cc06bda19
178c5a5a-4fd7-4428-8622-7b5c9f51df38;117f335d-dfb5-426d-96ce-6b2b4ddf24f3
17e631b6-1b17-4111-95c7-7272cdf9c62c;e2f3f958-13e0-4b02-9ff4-ff5c37fb5861
1862721e-c91c-4f60-a1d6-82c6d2e70b58;909c837a-9b67-4378-901b-53626c6aafd4
18b88851-f1a7-44ea-908b-5bdacac4f840;68e7a859-e27d-4e69-b140-ff49bf895c93
18b8e5e7-d9cf-4b48-b2b6-771647e07e06;8942fa1b-72a0-4928-9ece-4eb78aabab03
18c8275f-c0ce-4c05-89cd-b52ba485e331;d17a008a-b883-4d40-b875-12ffe3c2a2a1
19079422-0ca9-40bb-b571-af6d6b38d0b1;219fe5cf-bebe-46c7-84f9-6d812a7f4bfe
199d4a59-9c7e-4431-9d81-3c79b95cd32c;8a3a8765-8223-4646-b89f-5e9ba1e094a8
19e79c81-04db-4df9-9ba5-5289f5bf2a40;98a1cc7c-6398-4514-bc32-cc99e514e20e
1a2529fa-a4e2-4c68-82ce-13ed462eeba6;4b8ed2c7-d3b4-4bce-80e2-94c9935ff77b
1ac6327f-4cd5-4888-85a4-25f378792e31;a6e4050d-a9e0-4fcc-9022-b1d4d849f16f
1b17614a-1801-4494-ad97-5e7970601f5f;b028732a-66cc-4574-8c7a-5e459ca0d303
1b1c9254-2762-47d4-a925-9165d789b55a;1a49ed7d-1d4b-4a59-b569-a8ba6595eb8e
1b3d1b5c-0f85-472a-a5f2-d9d02e5c9085;4cf45eac-8b1e-45a4-83f9-837c7d6b5383
1b43c8d2-6cfa-4fb2-9c92-e97b34135b93;cc797dc3-f534-4d90-bdfc-cddfdc0099be
1bd12536-4ca1-425b-a3c0-6878736e8c71;0a89b0f6-2b47-436f-b0e1-a459fa269693
1cc5312d-3166-48fe-b692-a155c4a1cdd5;58a4cb1c-e1f1-4906-a86d-59736a95f50e
1d794852-ead1-4e91-9682-73af33f34a94;5c194efd-495d-46db-907e-20f5da8bd854
1ddf71de-126e-41e5-85e9-d69c25584e4f;8284a704-d485-4106-9e5c-db13463c4b22
1dfc02ca-60f5-419a-9044-8872a9c2b5b8;bb775abe-9a65-47b2-a508-22c7ceb55ee7
1e2931f9-6875-4544-ae0c-d5c7fd6dae5c;f687a55b-d144-40b2-b5f0-1103ddcd87f2
1f185a7c-1856-4ef4-866f-246fceff2e80;c248f28b-8b2c-428f-9781-6e69bb49a671
1f3021f0-f50b-45c6-8d11-a6a0aa9c4808;f6d80d4a-6e14-48c1-837d-0b768abb9d19
1f50de19-7f1c-4c2b-94eb-0a440e284380;96f03fe5-31c6-41b5-8dd4-fe39bbe5c32d
1f767207-bbc0-4672-a34f-f986e6bca01e;57df5baf-b02d-446b-b66d-440f187346d3
1f7c1efd-631e-42a3-979a-408717e968d1;700ea785-2faf-4d64-84ea-4e19dc209b56
1f7fc1c5-067e-400d-a6a2-ab5745320ef9;6bccd707-2fd3-46d8-8df4-191481426da5
1f93169a-1ab1-4e10-8bf2-32e813fc0449;4458111a-6537-443d-b14a-69eead775102
1f9d5f5a-5697-43c4-b50a-a0cd8a7b885c;262fdd9d-9d8c-4895-ad8c-0b5d9e22f431
1fb00141-2768-4e35-8916-d6cf36064781;038e87d1-edd0-40ef-966b-d924f7b3bdfb
1fd67948-94ef-472c-998e-8e6f545ef781;0e25489a-fff4-4e03-bb14-e7078e1a67a1
2014cd29-1678-41ac-a95c-bb8a0b7153a6;57006641-55ea-472b-8f43-e31179860c95
2054d1e4-b37d-4162-98ca-a5ad6508d36f;6f78a8d7-d745-4b25-8af3-c13558970656
20a7681a-a7bd-48a9-ba0e-90a438b97ff7;f3d9861c-dd65-49b5-a2a4-0822b9a40469
21002519-8b07-4a19-b83e-1bd441979b11;5b546125-bcaf-40a9-ac0e-50d5b7e1f7a7
212294c9-068b-4c04-a89f-4afcb120cbc3;3c6b4748-2a98-4747-9f21-d6a30d35323c
225e3dd4-48cb-492b-a35b-de8e3eb8f5dc;a0ff7415-2ef4-4ae2-86a6-2a8dbaacbba1
2311244e-bccb-45b7-841a-0ffc9ecefacc;029582ed-b0ec-4b76-9be8-a93f6b288619
2377ed79-3b7e-456e-95e6-bacc3668b3ea;fd18f9b1-c14a-4461-a923-adbf2f6931ec
239083c6-1b16-4ff6-9fd7-9057000ccf94;28838758-ddf9-44e5-958f-1e295c86a3e9
23a946d2-67be-4355-9ac3-4d58a143650c;b5371829-175f-4ea7-b4e9-435891646a1f
23b62aca-17d7-4a55-b8bd-360872d917ae;2ae57422-d666-443f-b10a-2db2a85b82a2
23f774b8-fc59-487c-a28a-8a05023853f9;38488e96-e7a1-43a5-b5f3-530376880e15
2454d3b1-57b8-4d28-8a4b-b3493eae224c;86536386-9efe-4f94-b0b8-457b1cecd363
24bb6232-4bf8-4f7c-bc32-e6ae87d804fd;40222467-be3a-4804-b358-cfc6b8e938dd
24d6140c-b645-447e-9fc1-1405e5237685;b7e4b39a-663a-4628-b09e-a9787a041b96
258f043a-7ca0-4559-86a1-fe890ceda018;326ce9d4-ce4a-48e6-90df-d1b7c6e58153
25c34ec4-d2ed-43b2-8f63-785aecb337ab;c3320ba9-a140-4c17-8932-eec7a196b612
25c4b79c-f02e-4509-a650-7d78d7fd7970;67237908-c0b8-488d-b79d-d49b4ed1a6d9
25f853e4-544f-465f-85dd-572fc2a47de6;d5ae8259-b1a1-4d3a-b49a-686082842d7d
26ae99d0-1985-47fc-bf4d-27edc714ba7a;90f07402-ff46-43c2-8a22-1b91a34792ed
274e524a-cfe5-4fa5-a33d-e9e58c31d0fb;184f7116-f824-4b60-b1b4-6c709356f541
27ae2624-2601-49d9-8a80-8c40ce1e25c2;aa61592a-dd0f-4eb4-8740-fa24248f31c8
27b0132e-7570-4f92-bcd2-4470d645e137;43f4f8d5-e2a1-4e04-bad9-dc6c261055a2
27e0a2f0-db4e-4af1-9d94-94c45413cf3f;1dd4b8bc-f909-42bf-9748-88decb919c94
27fd7a32-14de-47e5-b4ca-77ad4930e306;2181fe8e-be72-41aa-b8b9-9a7f3ed68fe8
28053c57-1435-4717-bcee-6acf4891eb1d;17148645-40ec-45d6-984e-bc34868f2d2b
2881809b-5bb9-479a-85d6-0052e8bff7ab;d3cf1327-672c-48c8-9e05-8c379f278f0e
28b79972-9c51-4077-856c-af41e2cdbf32;851dc475-8051-4bfc-8c5f-290b70f2e27c
2929572b-3ac5-42c7-be17-8ac3244e0207;c34492e2-2d09-4503-9b41-ea945254d0f8
2964107f-5629-429c-8508-36ebdd24595b;30b0e7a1-1c09-4097-8d50-b986440520cd
2a6e228f-bd5a-446d-9a08-bdfe60415b2b;492b9952-abb7-451f-b75e-d6c0f5334562
2a72e96e-c524-4d50-8ad9-90fb637d0d57;d10e9b02-1dc3-4d4c-ad58-4af6c3035826
2b40707b-1c5c-43e6-b4e8-a812e5bb9955;14d5f91d-a339-4ed9-8211-6856d8ff5b06
2b50ab0f-15c9-4cd0-a4c8-39f73e40adb7;ee11f52b-e993-4d7a-8f0a-c897bb553b7e
2bf6cfe6-8fa3-4609-8420-45aa88e22705;c43ab42c-cafc-4f76-81ad-8f67e8a0c82d
2c356fd6-3257-49ee-a0a6-3512eb17135d;18967402-4a26-46bf-ad7b-3991dfecc8da
2c37100b-20d8-4025-bc63-baf8b54d6c81;e7d3823c-e1c3-4a51-b45a-3821b087c235
2cdbb365-68bf-4554-824f-fc9a3450bd75;96c2f34d-8e4f-46f3-94b3-9ac1e9c0f6c7
2ce670eb-0536-4506-8e31-1a6a249fe095;34b5b3db-7cdf-48ff-ad33-e6362ac16ebf
2cf69ec6-1c5e-470f-8d6d-db89c823c590;41bf803f-cfce-4d26-94c3-ee5205db72c1
2cffd8c4-fb31-424b-b895-edc07a5aa7b8;9949536c-5854-437b-85f1-e41a72e5b935
2d42ecaa-9376-470d-a89f-74b2b0847115;92f91cbc-ff13-4370-bd43-8ba37a05ddc6
2d522f76-2031-4b22-9572-000a0dd5c93a;941b8792-a0db-4d29-a31f-1a494f1832c5
2d5aeca6-d468-4759-a354-de06c1d22967;f6fead3e-d05c-4203-84eb-fa48f7f3101a
2d8559ee-dbf7-46ed-ba6e-f5f30969be5b;15068660-8f66-4c3b-bf4d-a3ae8599438c
2e6429c0-dadb-406f-af6f-acb96f90a323;a92f9893-c333-4c2a-8aa3-c29b96d34023
2eb2ac70-321d-48ed-91b6-d368b1f226f6;5d216e10-cb37-4772-99b4-454a85b7515d
2ef227ed-540e-41e4-bcb7-7e64b11f8d24;f53bc5e0-7dbf-4f4d-9bd2-7fb38f9c9b3f
301ad6a7-2593-4d8e-a8b6-e4366dcd0da9;c7d69c3e-6969-4094-933c-dbcc5399f5d7
30a31a35-6a32-4be6-9404-2e783406b0a5;37533d9e-7746-433a-a09b-7ae534035be8
315d5331-ce15-49f1-9c00-50b40a9365d0;df8324b8-c643-4408-9021-66076f920034
3187fe01-3868-494d-814b-7ccf04730920;030496ce-9cb6-42a9-aa5a-5389dd4a2500
31b45969-2e56-4027-a66b-d9ba50f5cab5;e6b10dec-098a-47f6-99cd-15088fc8ec11
3239e78b-14e8-47f7-a952-eee2252f6b23;58ca2090-25be-4bfc-b4d4-c902a4014ea4
3285f544-d6cc-47dc-812f-c21fc8c5499b;4c3ecb87-12c4-4347-8f25-e29a0b2902c0
3289e4e9-7c87-4255-984d-756fc3d42241;a0064b1a-6015-4bed-a751-c423e733a633
32a56250-5aab-4c78-b3ba-c00244f663fb;9747bc76-037d-40bc-9ec3-d79b4b6025b7
32a7a4e2-f299-4d7d-bc8e-2e1cf121603a;feaf434b-e428-4445-a86e-6218c40d55ae
32e85a6c-ff9d-4383-96ef-0020a6980fb9;1e32deee-5acd-42db-8a20-476243a89cb4
3367d310-5ef3-4894-a865-1e6a96b61992;bf23fdec-0506-4819-b847-ded8af04c3d8
33c04a67-7075-4dea-bd0c-051f20d06d80;6cf1e931-61cd-4865-b261-69a97ba50686
33f38b90-7e4f-41bc-b5c4-6bf45e20ec0d;6e40f766-8566-468d-9cc6-0dddc8697b57
347bda97-b9ea-4a19-80a3-aab43b9b7ebb;84d6f6f2-34a1-4276-be0c-2d3b2ee32a19
34cc3cac-eff2-4cee-a1e6-ab6ba9a2e2d8;2260a492-823d-4c38-8218-d2332b830900
34cdd35c-309d-4510-9616-6c781652a3ce;f8e53a7f-2787-46bc-8b11-18b3d77af4f3
356f12d8-d148-4ac4-969b-21a254b229ef;a7a7e4f2-acb8-443c-9caf-ecf25a4daf42
35b035cb-26ba-419d-aa2a-da589bbddbc8;57586348-ccf8-4320-86fb-05f07ccc5df9
35b0c47b-06dc-4037-a9e5-748fc9b8b9d3;7b484554-8dc0-48aa-90c7-7d749ca99c05
35cb5172-9c7c-40da-9b37-f4a3acc25bdb;ce77f251-6951-4a37-840e-29744abbed58
36befbe7-bd64-438e-b30a-b47cf814c251;30db139f-0182-49a4-a16a-0189864ef395
36c510a2-e5d9-481a-9e43-1b13a48213f3;1856963a-84cb-453e-a139-eb7d8d9b3255
36ccaa1a-6a7a-469a-b9a2-b68cb3eca1fe;bc873964-4121-4639-86de-77a3fca85f15
3777d7ca-af90-4ccb-9585-bb5b8c890a5c;f5ab046e-f9b5-4fe1-b4cb-a5c867c0ef0f
379dbaa0-3a60-42d5-b42c-68b77a1e6633;4cd34a41-e668-4265-a80d-35d2b9216670
381ae1cc-ce7a-4f5a-9383-a09b633df927;5e3cc94c-7fed-41e7-98c8-e7d0c8c26de7
386fbb6d-72fe-417d-8cd3-f1e055059b61;951771e6-f6ed-46b0-b349-add873234c8e
3916775a-6c59-4c17-9cfb-d3123ad4a651;8b0eabc3-b707-4e03-bb1e-da56a4f0d760
3933a832-3d26-4b0d-bc0c-940599065c62;137eefea-cf3a-45b2-b24e-cd6ef2c0ff7a
3a480018-d8da-4316-99e9-c7fb571ebbfe;d37efb10-8e01-4300-b78a-510a4a700f90
3a612fa5-4580-4743-b041-ba272ac4a2b8;745989b5-8603-40f5-92c4-dce73ecf09ed
3a6560d6-f764-41ee-81b4-bc0d02d4f7d3;aaaebbf7-5bd0-470d-bd71-f9553723b440
3a65a77c-4c4e-46f9-8f1e-8cb7f83a1b6d;66a6345a-ac4d-4a24-8f45-46330d1f5e3c
3a66505a-7281-46f8-9280-2c90af20de88;91fe2cf0-0dcd-49d5-85b9-4992ca466516
3a9b4634-3249-4a94-9ce4-acfe26f7c796;60bd4162-58d8-4225-9132-e12df83ac703
3ad5df76-9b2b-4d8b-981d-43aa0a3cee31;a5eb8d3a-c2f3-4493-8478-19d021503329
3b02af88-b52b-4bd7-b967-f4e7f11acb1d;6d4acb53-9e4a-4fc3-a769-cb66a0e71309
3b27ada4-48f9-4e99-b541-ae9a5efedfa5;6f64a5c5-93f8-4caf-a90c-b437310da7e5
3b3884a8-bdd3-4669-b851-8d178359dcaa;d2a6bf98-03c6-4533-b8d2-a962fc4f89ed
3b755668-672d-482b-b57b-77a431869511;aec823be-1393-4b69-8570-6aa463c448cc
3c29aeea-b476-4283-84b5-ae9c0e0bb09f;9d4a300b-dcb8-40a8-a754-8cc7e4cd9be9
3c7e3f50-44af-446a-8746-26b04e69fd4f;8d85fea0-bda8-4636-9bb7-1c0cad050d87
3c933c8d-aa1b-4b1d-b855-318b9baf0b85;23b41212-5a2b-4212-aafd-eba641cf6f67
3cefc0c5-28a3-43b1-a41c-75e3b51afb40;203cf200-1d9f-421a-9838-9f2f6949bb12
3cf7310c-3235-434f-8bf7-1a4e69fab673;58d381b9-84ab-4158-ae9c-de3e98d6d466
3cf80b23-b1ff-426d-ab2d-1576f232f351;2b44d91f-62fe-49af-b81b-48a138a1db20
3d513a70-ef19-4c39-bdf8-754e54b890e2;96484c41-8e67-43fe-be12-9021023b1149
3dbfcf0b-73a1-49e9-89b6-0aadaafee9fa;dde3dd6a-0cb8-49b5-b138-3a546d62ead9
3dd664e4-16da-485e-b429-04e1de9f5fe8;a60edc19-3eef-49a9-ad4e-66913880f6ca
3e0d372d-725f-4861-8189-376faf84d773;6250171f-efd4-4438-8893-40a42c7e4bc1
3ec8e32e-90e1-4b25-a125-61fb7c4ab859;a8c50e9a-8711-4a93-a7e0-25f45b046e6f
3f0e0b42-d6dd-4654-882b-ea699995ec0e;8b0ac3b6-b4da-4198-8d1d-9fd4c34564a8
3f164bcd-5e93-46e2-83bc-489d334cffee;b83d5605-2e55-4cf3-9fc8-e2e40eeda8bf
3f46b04d-3520-41f2-9351-c6c99180ed63;07b5982b-6c19-4fa3-8131-9ddc3106e1f3
3f7670b9-b514-417c-b46a-ff95fda302f6;9c7ae8a5-376d-4c9a-87fc-4cbf22d41e40
3f8a86c2-57f2-4b4d-b8cd-ade407dd3ad6;97fb7be8-a971-4650-895d-263460bff9d8
3fe00f5c-f0e0-4290-9a9f-941eb7ff6dfc;a1adc6cd-e69a-4e0f-b293-5922fe5f090e
40b6669b-6e03-40ae-9ed2-9c217bc02685;1a8b5562-8f0e-47b9-b3c6-0bcb0b8b70ae
414ed8a0-a72b-46b5-987b-df48a1fd4ef9;f3be54b6-8559-4b0b-acb3-c69ab1e4dc8f
41a5a5e7-923f-4305-9a6e-01e51428bddc;d3e67e0c-803b-4b8a-a72d-79d1ad9d8d35
41dd4032-f146-4a17-b2af-27d8eb64e22c;3009c8b7-3129-438a-bd5b-ab5c87165740
4216cd54-1c48-42fd-ab54-44723c700da1;49f26f39-c4b2-449e-8cf4-e8e03e728da2
42353685-8229-4931-904d-14ffb1bd431e;9d6aa166-d174-4941-826c-1a8f66c446cb
42469b68-e0d5-4bc9-99ea-9b892258d7ad;d5727022-27e0-4846-92bd-32884be98dfd
426b94cc-dc15-4bfa-b1d5-7ad757720aa5;c40c94cd-72e0-401d-91b5-0f30fb902d62
42b8a775-f1ce-4a19-8faf-817ee5bec11a;5f273bbd-3ed3-4929-ae33-8e8ce92e9ce2
42b8d71f-29cf-402c-9d64-2c358f6c0e90;960199a5-ece6-4177-827d-88aab8d5fdb9
4301fbc8-a06a-4fdc-91dc-7ae099460044;cdafb043-9c8c-491b-9e78-72f2e53d8b86
433ef82c-aae2-49da-8068-8235cf7420a9;df6af3ba-4b6e-4975-89e2-1ce8b2710160
435057bc-cf36-45a3-a1bc-1f43e319adfa;087ed7b7-ad98-4b3f-9db5-336226b976d8
4388ca7b-cf1e-496f-b96d-8943dc797e30;061c9dc7-dbdb-42d6-9ef3-307d2f7bfa6e
439532c6-1c83-4f34-9f81-8041ec2f95fa;6ba52247-2fd0-4188-bdc0-2f7a74abeb23
43ba24dc-5c8a-429b-abe0-9664dbfcf8ce;778e717a-70aa-4d8a-9e5c-49d22c2544b7
43ee8085-f18f-452e-8ee0-07ab24a94785;e8290b8b-7a57-4e6f-8a1e-f0f5c6d134da
444d1392-070c-4718-80ba-0af4c7b3b96d;c9ed23e0-0ecc-402d-b70c-554f50605834
446f34e1-ad45-4eee-8342-54f619e18795;40d71038-f915-4f92-8e7c-9e554478090b
44abad71-f4dd-4ce7-80d5-bcb9216cadcd;643827a6-e3e1-4946-b2e0-7f52abb2a958
44bda2ec-d738-4379-8f12-e34edc8c90ff;a38db543-1d39-4450-96fd-de8378bcab1e
454d0359-4344-4641-b885-d8cebbd50a8f;8635d3d4-dd88-4a34-846a-ac4789c1c0e2
460ff601-801f-4c9b-aac6-ebf07edf5e05;d355e6dd-9e36-4afb-b9a5-4f3f4c64c85f
46aac1f2-6ba2-4358-843f-e938687b4694;890762ae-991c-40df-ab45-76486b14289d
46bdfe84-17b0-4cd9-b4d3-6054a1e898d5;945abeec-6568-4500-b61e-f9b81a83e1aa
472cbbdb-c3b9-4c9e-9f1d-c27905c13cf5;bb515284-4bbb-43f9-9623-cc0a40bc142d
4860d95d-74e4-48a2-b1af-4ba2c0ca6c84;f6846d59-d8c8-4558-9898-cdbf5212368c
486fd892-9410-4008-a5a7-4b8f88d49b8c;11f0bbec-a571-4d1a-8db2-9a7dfbc9155c
4895ba8e-33f6-4600-b74b-3574b4bfe9fb;f3c2056c-521c-471d-b78d-a1a42b9eadb7
48dbdde3-6c3c-4ff4-bd7b-661815a2eff7;63e590b7-1bbb-4369-a09a-e96634fa559a
4937a566-7b21-43c2-9d5a-56b4093014a1;121550d2-c6e5-4e68-b504-ab471ea01e26
49741d4f-45e8-44e6-b1d6-f2addfcbe1f1;aacabd9d-60e6-4e93-b538-fd2b039196d1
499d14bf-a8da-4fe7-be54-a6c4f3433ed5;c609fb20-e579-4e83-a4b1-c38a66632d60
49d65be9-3def-41e7-a20d-0293c0e311e6;d10d2750-74ce-4deb-adb9-d33369676d5b
4a0f7f8d-b0af-4f62-87da-e7fb297901c1;c064fb47-ba0b-4076-b15c-115d243dbecf
4a167356-cbe6-47b5-a0d8-e07830ec06e5;8d58681b-eb32-451b-b03f-f14ef0834c3b
4ada97df-c791-4ec7-ae7a-e8d32a9f4094;68c4ca9d-075c-4897-9334-9ddda4bceb2e
4b4812cb-3217-4e69-8a69-3e94540f8410;215954ab-dc3a-4fc6-82aa-182bbcf4b8dc
4b51971a-f968-4a46-a9c5-05e01316efe5;2f48509d-06bb-4c3e-95f7-7e5839b0abcd
4b5842c6-9074-4712-87e5-672de47ac316;8fd9f537-063f-4ac5-85da-af070ca2bca5
4b8169df-a5b0-4b43-9dd8-49fb0fd53cdc;204d0377-8b99-420c-a4ba-02d148f8757e
4c48c7a6-57c2-41ed-97b7-3f6006e93327;72c244b6-7dc8-4646-8cd8-b8d2f5198ef2
4c797573-5f2b-4911-a243-5c5cdeaac0f9;12dccd10-4eff-4a55-957a-76629ce66121
4c868a7d-cbd0-46a0-8c26-743afca77374;7a9dbb5c-df13-4493-8d2d-8e22c0d359ea
4d205d09-a7f0-41b5-84e7-61e232953ac7;19fe8a19-1e81-404d-b860-e28b3b297824
4d37a93a-000b-437b-9d38-141d334fa5b6;d0fa8c89-4762-48ed-815e-c0cb575b97f2
4d5fc715-09ae-4e47-9aa3-1931c7c8be97;0d449315-1f18-4590-8b14-aaae53cabd1e
4d92a5de-e820-414a-ad82-946dede7c43f;1276b8a3-4a72-4297-9aec-3439ec4d663a
4daad5a1-b0c7-4200-b48c-82df265c8da5;2eb6b570-5d8d-443d-a960-6dbdb4c740a3
4e02b398-f08c-4969-ad6c-8a668eca8a30;2c9a879d-9a06-46d9-8484-7f40530c9843
4ec64e19-58f9-4a3b-a587-5092eeec5c73;8a948e7d-94e5-4f30-9e14-b3e2c064cf44
4f24a864-b849-4c76-a2cc-b6c1f0dc63a8;ddbe8b05-1dd6-43ea-8246-058be6a829a8
4f346abe-d7c4-4535-9a23-df0ed58b25e6;d7dd6c3b-117b-4699-9105-d3cc47710b89
4f375b22-9225-4978-a1d6-4fd1a6ac499d;980c78cd-4fb8-4f31-8b19-e92bedd4d7a7
4f459cb0-f29e-4646-bcdd-37f28af22d05;7d3caab4-11be-460b-9797-27229fb42d63
5014e518-0886-4a4a-8813-3c0b898d7b10;5b035b51-4760-406f-b333-7250e70936c8
5052c0fa-04b5-4dd7-afbb-d0ee1fd5f69b;8ad7aa7a-3e7e-4532-98a8-647955af37d4
50c0a215-d10e-4565-9127-6fc04bbe19d5;9200aaa5-5087-4e87-ad2c-b16e05a4d453
51643756-f38d-4887-bd33-6004849791b8;c16b5ce4-60a4-4db2-8289-8a11e814b618
519164db-692f-406e-9b99-2ccab1a68dbb;6aa2d767-0ebe-48a4-9405-c087b82e3987
51bb5921-2198-48bf-9a33-8f9be8f91991;86cef638-affd-4b2f-8b9b-6251585d799d
51e64570-d285-4f8d-8425-41214abb16d9;7349e9df-12e4-4d70-9fb6-8190388bbd1d
52bf7ece-133c-46c3-b23a-b6b6b7445b4d;de9805d3-9c05-4f95-9176-8232bb97453a
52d44ea4-1331-4713-985b-c0168f6f9c21;57252964-9548-42bf-a6ac-6d4f8c259381
52f7421e-5603-4931-9fb1-db1a9bff864f;0dc61e8c-2a4c-4b2e-bd70-fa6d1f68d9f8
5332189d-a34b-4aca-b36c-b7cae530edb2;33afea7a-891d-46c4-bba8-a364a0d14594
53af56c2-b245-4cc5-87ca-790769ba3cba;a61f672f-4ef9-44b8-a6d4-6fcd055aad37
544f84dd-c941-41be-8186-93c1a7739b10;ee435fcf-2d42-449c-8001-12857a784464
5460d789-fdf5-4421-a888-b357651fca63;7618d4e9-ed72-45c1-a0d5-a9ee361ad8be
546f3cb5-567c-43eb-9483-03b52cb940e3;323bb985-cbe7-4f43-8278-eeae2d16ff39
54e00f18-387a-45a8-b9c2-dfefde83d002;63d9981c-7857-4f8b-abee-20aad5e22054
5520e0a4-da9f-4e22-b96d-6155e9168919;fc05dc5f-a09e-4166-a800-9e4f11493ca7
5559f05d-62b1-4a66-adf6-a0297be24470;4c4b8374-f12a-4030-8466-fee8de13f9e8
55b7ab23-2ba3-4575-a46a-c85f7a8fb16f;36ca9b93-a5bd-4002-9a50-eda963858727
55d09ea7-8c0c-4d98-bd3d-10083a355760;3832eb7f-edc6-42fe-844f-44d36bfd3431
569401e8-74eb-4b89-91c4-cbd098b1057c;690b2a25-b9c6-4b6c-a857-af83160c129d
56cb2840-4177-4a77-b0b5-ed04286f258d;585cb320-1157-44d0-8065-a56630f9e9d1
56e69af6-4407-4778-8bf5-921593c900ae;f2a56851-41ef-4016-8903-430ff0ab4c05
56ff6259-fed8-4326-8c90-eb25f6716dba;855ecc5d-1f3f-48a2-bc7d-5c2953a3dca0
573fe850-0731-4351-81c2-8fb10247108c;e606bd39-d06b-4851-8bb7-f1953714f159
587f06c2-cf89-408f-904c-6099ac067572;62c6aaf2-e5da-4987-bdf2-a5b66865618b
588e5adb-bb91-4c74-99b1-30b5b0b24ae2;8ff2ee04-61ef-4a0a-9623-70f4d63c13d3
592b164d-e201-4bb5-9615-ced0e91a456a;e20dd622-22cf-42aa-8462-a70e4a2be0ff
59bf3c8f-499a-46c1-8375-2aedc4cd8eed;6e66c41a-9d45-4eca-80b3-2c4eb44b9f3a
59c33f97-6be2-4aa1-834a-3da5fa28b8ea;7506c03b-76d0-4ad7-a5e4-3d38cb27a880
59c4d8db-87c8-43f9-a704-7a534301fff5;520ec5df-4362-4dc5-8652-908676138114
5a085617-dd5a-4251-873f-bd82bc2e051f;017cc9ca-7856-4253-8fa8-13cb6cfadaa1
5a26c268-a979-4b58-99ec-cb5afd8945df;b7abe55b-e1c7-48a1-938d-8db64c7dfe02
5a58212a-25b5-4b37-8020-1d25dd8151c9;2db19657-ce62-4faf-9a9c-d97e4710c330
5a7b9ca2-d773-43a2-9fe9-78ad28d265ff;f9859aca-f63f-41d1-b84a-0d439ba8bc5c
5b1328d9-760d-4efe-bb5b-d66e84e52b5b;cd414fdb-f998-4091-a468-65fdeb116f58
5b319851-81ba-4314-abbc-62c9c03b704f;fdfea89c-1b12-420d-83cd-a28e2b67baef
5b54c561-523d-4081-9a6a-e7c1dfb717c3;2d43d437-a27b-4330-bed6-ff8b777b7cde
5bd4b185-6c3b-4032-92ee-e5d20cb832ea;007b8e64-a244-4404-8992-3b8098b33ccc
5beff220-646b-4dcc-8408-5d971127b3db;1378980d-0fdc-4ef7-8be5-5d6c5ea48e93
5bfa267a-fc9a-463d-bf88-2aef3bbd1ec4;a45aa398-1ddd-4d4c-a9c6-4c9c27157451
5c02337b-425c-4fd9-8f17-5c8b266aa6d8;6157fa67-1aff-47e4-9e46-72582d0049b3
5c6ec506-cb27-4d01-87d9-4197c19dee20;1cacecaa-11d8-47de-a2b2-4903bf593ac5
5cda06b7-a956-428f-955e-81e1a13e03e7;a349ab9d-ec6c-40a8-8ade-fc37d670a749
5dd654e0-1c07-4d77-9c85-0cbb7bf19376;d6599cd0-af70-4ff0-9f42-6ce578511db4
5f88491d-7afc-449e-b506-4df063f6e935;4d39bad4-acd2-434c-a965-88e6d917e80e
5f971ea0-5f04-40cd-9625-ca40ec484e8e;03010015-22ad-42f9-a57b-450477eafa3b
5fc052d2-bf39-4ef7-bba1-b46872af8365;d247e211-d26f-4754-bef6-4577b445662e
60eff06f-4ada-473d-b741-ec01e10c5afc;35fe6fd7-bbe4-4ad3-bb75-6348a896b61e
60fee329-5254-45d3-8b07-68b9609bad0b;fe15bf62-b55e-4446-bcbd-cd6b59632a20
610b862a-81bb-40b7-b522-3e4ddde24002;1c8fbd8f-380e-4356-907b-7f171d5955a9
61361101-216a-44f9-bce1-8fe687307f54;c69d620d-1427-4d25-8935-9a3bf4d6df9c
614a4b85-7d39-419b-9364-664cbaee35e2;92a6a959-de88-42f5-a4cb-8409dd51510e
6168e770-bb57-4197-a2d4-8affd3d3abac;d49daba5-b1e2-4bbc-91da-3024e49f92ab
6217ef98-c17e-492b-9f58-85b7c7d5516d;d5c59aa7-b0f7-40c5-b766-b1b9876a215e
62c90abf-ad03-41e3-96e9-a9fcd6feffe2;af4859c9-35fc-4ec2-b6a8-35ebb1624afb
62fe8009-c374-4d9b-a24f-91649e0d6938;d6698b3c-b2fb-40f3-b934-8ae53123ab95
63086082-34e6-4654-bc9a-822f46b832af;d1e6c46a-d7a8-42a4-b25c-c125f8628c8c
630ae965-e3a0-4ba0-9526-2542076a9c79;abce9400-c6bb-4cc5-a959-c9e2bdefa257
636fce11-725d-4076-9150-219bd5518845;bd91649f-d5ca-499d-8ba4-669a6604193c
639595ce-13de-4068-abdf-a66bfc19cc61;4c8c6db1-f9cd-4d52-8e5a-d0549adb3c89
63b73aa3-0f53-45c9-9e10-7dd4ace85fff;97c34882-7f19-4299-af90-202b3511c67f
6437d459-a981-4aed-9bb7-bbbd2dfe20f0;029e8e05-08e9-4d06-9b3d-076dcc1f3765
6444c2c5-80bc-40da-9912-7dff03fc390a;27b21fae-6659-4625-a272-efca26cdbe82
6471e1f2-8b71-465f-bd96-8cf93212a2ae;67cabb19-d6de-4453-b39f-a770df2718b0
64ee14f5-e8c7-4a31-92be-206df8514092;fa1166d6-6123-4c50-814b-cc93a67339bf
658eb393-d790-4f09-8a93-902e228881c4;aafb7ea2-76bb-4bae-b895-9ba77937a9a8
67ce12e8-0eca-414a-9e3f-e071727cbb73;54800ca1-0184-49c8-9072-e7e5d87de868
67ef43fd-3f48-4939-a115-ebaac8240b93;354892b6-34a1-4d5b-b53c-4c9a055ba717
6896da18-94dd-4e00-bcff-0b4d17b3dd60;24435661-e150-48e9-bdaa-08d8f7e480df
68aa3211-66b3-41d6-a337-11901438441e;9f47d708-0370-4e86-870d-901914d9538f
6915c636-2faf-45c8-9617-6f1ad3abd881;7c389727-de8c-413d-8b45-26cf0d879cb4
693ea099-268e-42a5-a911-0c12878ccdef;9a6c7a35-16ad-4f4a-9a09-efd33cd4fd4f
693f5bc0-b9d2-4ebc-a2c3-87b01e32746d;2d3d2dce-d353-4961-ad39-46723efe2100
696d8e92-e6c1-4387-b7ae-1201c853740a;757cf749-2af1-41c1-990d-b58b70049068
6a93a3d1-7318-444c-84fc-c919e3a6b098;36655f6c-d222-46be-b36e-3d0e8f747dc7
6b49634e-deab-496d-b365-f68341a2568c;31ba3d3e-20e7-4b59-9f54-3ad767a7a48e
6c0aa435-b691-4cf6-a61d-9b893977798c;a40d2a1e-35bd-4974-a708-cdf87f3671b3
6cb0a231-7684-47fd-8dba-d41878ffc08b;101524a7-1a97-4963-93da-c8dffb023842
6d1df6f8-9c60-457e-addb-59fc73a6d70a;cf5742a2-b416-462b-b6d8-8e79c867d620
6d26afeb-abb7-4182-b126-12529636fca5;2fcf1893-8ae6-4a3d-a413-f08f175b184c
6e1773f3-8bac-42e8-8cbe-b910f13ca2fa;b05bc35e-d5c2-4ffa-bd68-49197dc598dc
6e5143c0-6048-4ada-b22d-907ea6bb7cd5;002970bd-65c2-42bf-a17d-2bc5e95e2f0b
6e95ba8f-e839-4b75-93f7-725d537334dd;284e3274-74a7-45f4-8d1e-541517e62ece
6f02bede-40c1-4c11-a4bd-6fd419c4833c;9c4a8083-d9e7-4a95-90b0-fe517411690d
6f3d7b2a-96a9-480e-9777-7f4312e8d3ec;0f855a75-2777-4865-aab7-8cc492013b1e
6f9dbc48-fb6c-4207-8db6-f781e4f96cdb;541e90d6-54dd-457e-b257-663366977aff
6fb7f64d-95b4-483b-9ea2-6d07e1fd108c;4310f782-396f-46cd-9825-1a754789d56e
6fe190a0-b4b4-41b2-9a48-3665378b4f99;5a05ba80-1791-47a0-8080-cdab4beb6cef
70545e5b-98b6-4fd2-aa8b-608fdf48466d;12150e63-0370-431e-90a2-aec1df7d5a5c
7236ba74-bbb9-41d8-8f30-b2037dfb5808;135165cb-34fb-4280-944e-cf9e72e69a79
73eb05a7-f37b-4f93-8ee0-d5267b576bfe;f20843bb-52a6-4a17-afec-16531c19591c
74712bd4-a056-455d-b7f5-99576f21179e;fdfd6f2f-9c11-466a-bde8-c84cbf15151e
748e6921-6649-44a8-b992-df8eed7f8d64;65662aff-44d6-4f06-b9d9-07445c6e5943
74bba383-72a0-4df2-8020-c8201dd31f03;cd67ba9a-fda1-42b9-9d0f-5261243a0266
753b5886-946e-4956-bbb4-43b2a121a35f;5f8fcbe0-6014-43f8-8b83-38cf2f4887b3
753c157c-1f8b-4466-a4f8-fa5866609680;420b5e34-79f8-4b14-b7e7-f5af1ec3f089
75bb9cc2-22cb-471a-9438-9d0b84066a6c;9d4a21cb-4a0a-4d2a-aa08-954ae28104b0
75d906c3-ab6a-4319-be67-dd39e04e930c;6313ceac-7806-4d34-aedd-476eed7c853a
75e65d08-b468-4713-ab56-659a75abc4c6;4c9a5708-6b4f-4ddc-9da1-0a8f20f8a5c9
763e477a-c5cb-4b88-b30a-0ccc9716ddb2;34098a5a-0708-436e-8bdc-52a4723a9737
766676ce-70b1-4671-8fb9-db895fc8cb23;ed939e32-18f7-4a6f-9486-fb975efacd29
76885926-f3c8-4b46-883a-5889b9dc9054;71ea9d0b-dc05-491c-9503-ac9cef1130a2
768aa5b2-55c4-45fe-8a44-85746477809b;76eb6d2b-ae48-4865-9927-d0750f289080
76e49765-5996-4e31-a3dd-304c0e2c2364;64c4fb43-8161-44d6-86ce-56d93d962dbe
7716cd79-c54f-4df4-900f-cb89719b181f;c6cd8c7f-230a-40dc-bfa6-151cadb7f754
772b864e-bcbd-494a-94e5-d77b3b791cfd;f32a1cda-a38a-4d7a-bb41-b9b2aa2b08cb
775c9336-27eb-475a-a1d0-3782cca66abe;7cf424ba-9ea7-4fc1-9168-7233df1a6642
778c363f-eefa-4e75-aec6-3c06c89035f6;2a322f6c-d7fc-4dd5-81a8-ea34aed52ccf
779d8e13-19e8-4842-806c-8c2551432cc3;0dd4437f-5f46-4e2b-91ed-31333881e408
77ab1e00-c7f7-4eeb-8761-840fe2074ff4;9781f097-c0f4-4ea6-bc15-ceb1a1017999
78b90dce-af26-4d32-949a-8de86ba1285a;44870c62-37db-42a3-a188-3268837da754
78bb3f03-9828-4052-b741-c9473ab2fe43;ad972024-bb49-48ad-81af-55912ded10e3
78c2081a-10d1-472c-be60-b507c485368d;938eaeb3-fac0-45f2-8616-e02d5e1a922f
7a1620f0-17d4-410e-849d-1db9376d0a18;cb7486f8-3954-408f-8513-5555d8f11d45
7a22b5c6-356d-4c41-8a01-214bab9b8639;5c2acb96-300c-4cbf-bb8e-25045d3347a1
7a401b30-9e67-4253-959d-692c8fe051bc;a4ebd56e-0aa5-475a-9f7b-dd4a19d6ad1a
7ab47d34-e6a4-41dc-bafd-bd02e901e54b;c37511bc-20fd-457a-ade6-577e5ea32d79
7ad866a3-7a1a-43a2-b9b1-6d33e3eb9937;df695821-6cd6-457e-91b3-33f988c736bc
7afe21b8-708a-4964-a463-11f6ba95eb03;aeda7162-d37a-4d9e-9a8d-9297ce579a66
7b27617b-75a3-4a72-955a-be71f9684469;2cc2f91c-af7f-43f7-bc3f-eac9edd7f58a
7b36223c-8219-46dd-9c53-d861642e8126;1706a266-0094-42e7-8f79-207551344c67
7b506ef7-e585-4467-ae31-ec44173f2a44;97dacd3a-7576-49bb-9a6b-acc5b6f31022
7b6060c6-ccd0-4946-b0f9-c11f5413ebe6;4d1a2074-5aa8-4234-8aa5-453761a65fcf
7c13b498-cded-48c0-b617-6d9f3deacd56;03f9edbb-7420-4f36-9a24-894de6aa5678
7c56aeb6-fa71-4ab3-9b61-c2f3c99d2696;8ccb0d68-3199-412f-be40-e6285c105ed0
7d31c462-683c-4406-949c-6a96ae328368;a05b3c7c-89b9-4c81-901b-404af81a2be3
7d8b6b0c-b959-4310-90f2-6c6dc3ebbf4c;cc5e7b24-219c-4235-9627-834913f76aa7
7dc44fb8-0c60-45c3-9274-55d7fe1c26f7;2b0aefcd-c8d5-472a-b61b-a42927777d4c
7dd2b0b5-7870-462a-8510-dd912649be1a;678ca050-0013-47c9-a957-9aadf64f05dd
7ebdbcb4-e3da-4166-bdad-48e37369fe5e;3329a4ed-c431-4543-a760-5e0202b3ff8e
7f39e42f-390a-411a-bc62-b73d084fb2c2;57ba2491-31b0-4d17-b40c-083e17b521ee
7f4b30cd-f848-4016-9485-a997924cc90c;a31c8969-4c25-411e-837f-b9aba850ef14
7f5f9ac1-182e-4922-bafe-2cde44c0f3b5;986fa738-0439-4847-b41f-f531b9f54891
7fb66daf-d026-4d54-a31d-4fa01e2cacf6;f7d8619c-c70c-4f2e-8484-c6f3265c21c3
80f67ff2-3eb5-4858-b943-ad743bcc1f6c;8db8b871-3001-47fb-80f1-673f26974538
810fcf4b-c58f-4217-a99b-d8f3d78bee2a;6f1fecbb-a27d-4b24-8369-7db13e65e9a4
81d80e75-2284-4742-b645-1f330536de34;ee8e68f3-2ed6-4e23-864c-63814a9c4a5e
81f137b7-b679-4624-8011-57bd9486c9eb;c21cb227-bf31-41d7-a7b6-9e71abbf4307
829b6236-9da5-4466-aef6-8509febcf804;49748372-d5d0-41d0-80d1-df5bb3b6ddd8
82cd42fd-6d3d-4dfd-a938-be98e9c0dfad;4264a357-f34d-4717-ba7f-f907dced3727
82cf8fbb-7b4e-4b12-873f-c4da3f408d15;19893458-c416-4657-b117-8e4205ce3615
8336b6e3-7849-4dc1-8597-33c6042a4974;8f899620-36e3-474c-bb17-a939026345a1
83eb75ca-7956-4bc2-b221-254210eb368b;3259fa8b-df78-4651-a1a0-e5a01e70c5de
845da9ce-e768-4467-89b8-b80bba4ccfd7;7ce19a57-e78e-435f-9916-c3241ca075fc
849e97e3-d744-4881-80c1-0cba1c34276f;3ae37f43-02e4-478b-8784-5983bb5ac338
85421ce6-9547-44d8-a9a2-b9a9607fbe0a;fa00b329-0365-4073-8216-9826bebeb185
85c3bbe7-6587-4eb5-9a6c-a94d303536c8;c9eedb52-af14-4adb-87da-eadde2e8103f
85f61107-e526-4671-b107-150bf5e1d4b6;74ab2c5d-711e-432e-89fb-884799b5475d
8694b2bf-5004-4bd3-acfe-1738f0b22a50;10082bd8-7aa3-4cff-99d9-0c5a8edfced4
87ca6276-2e65-4cbf-94b8-75fd9bfc1648;55e5d3ed-5de3-4f51-b5e2-80a69ad003d7
87d4bfe6-f9ff-4c1b-85af-e7444afd6579;bb2b683a-5f00-438a-be63-c0b3e890df68
87d9bbcc-fa65-4c7c-a7fd-72ed63d2a153;d2229792-6663-47f6-a7ef-b5be0ab4f4fb
8814fd3e-9df3-4a9e-b0b7-07185fd46a98;f4fbb9b5-104a-4b3d-9844-b9a0716da83a
8839f428-b9a9-4242-9b6a-f481002e047a;1370597d-57dc-46ae-9d2f-ac6e4a285c81
88b6905c-2bd7-4f8c-a090-46592ca9ab30;881dc810-6899-4b0f-9251-6f72def4041b
893134f6-900b-4889-878c-d02de492fdb8;da98830d-a2d1-4c15-801d-dd58ef7713fb
89f2fa54-ea08-4d4b-a723-cf085158eabb;292da23a-61da-4419-948d-375c36c9868e
8a8a6846-8a50-4703-84c4-8bd0b59f4bee;354975e7-d3a1-42b4-805e-1614b985c564
8a8bbf23-e013-4833-a488-58523a891962;efd39a57-b136-482a-9dc2-325259850d6b
8b34e258-0627-4143-9b82-4ccf6b38f3a6;9fd5cdb2-26b1-4768-b2fd-3635572b823d
8b6e4c2a-259f-476d-ade7-e9d527ac4c96;ec5db4bb-61ce-4d3b-92d6-4136f4043727
8c2c36d3-daca-4eb7-9bd0-14514a762704;a8bb0238-e5fa-46b4-8cab-b066747dc86a
8c9d3b5c-cea3-45e7-a208-2743937c9c20;f2b7b932-f91f-4f66-91d9-fd3d2defc5f1
8cf1aebf-f572-46d9-aa4a-81cd894ea83c;3061f05e-d8cf-45f9-9ef2-3dafecaac0af
8d43226d-b1fe-45d8-94fc-688d4d4084b2;0765524d-ccff-48ef-9f12-1928b0d674d3
8d45eb85-06be-45f0-8f12-1bfbac488f07;e556e49f-f3bf-4f4d-99c8-75f7e9ec4f35
8d958d49-a62f-4403-8e9e-156dbad1354b;119c6071-20f1-44c4-8605-297811633e04
8d9806b7-538e-4a6d-a4dc-c53440e7cb15;c37096e8-8d21-46bf-aba5-35bc8619c374
8e22475e-6f13-44b4-961b-0f327ffc2b2d;1f72983d-0e7d-452f-b46f-21c942c654c2
8e855867-736c-40dc-aa98-5072569770ab;708b3700-1236-472a-bba0-821f3b2f91db
8e95198c-de5d-4cea-86dc-cb307be7441c;aa3ef3a8-5bda-480f-8c3f-2c96a5f9e67d
8ed3ed7a-0a5c-4dc1-b5f4-fae95d8f2609;7d689f87-0e74-43ba-b21c-8d6c8718effc
8f391c2b-b84f-4898-b4cc-d7c22f90f7bb;4332a65a-b981-4156-93a4-251185ca27de
8f7a7a82-7ec6-43ce-b158-d523c353f767;8fb71594-ef79-47a2-ada3-4f7e39ed2ecc
8fc1ec5f-b25b-4160-9c14-4b2d0eb37ad6;b904eef6-39e7-4a22-ba3a-5ba8e3715930
8fcd7adf-06ed-41ab-81b4-a3430d04299f;dde04f48-d55a-440a-a52e-fc0a84341dbc
901cb2e9-9a25-4bf1-acca-8ad2b73dc23a;785506ab-0e35-4f54-8fab-67be77c73d28
9020945c-3a48-4ddb-ae86-6b8cbd457f9f;a87f7c20-2731-4025-9e1c-5fb0fa9a8e87
90b9b915-b275-40d1-80d3-dea6ea013519;3557c784-d9b0-4d38-af95-b886abe498de
90e2b3e5-ae31-4ae8-86a8-141b71cb7cc9;216c192a-f099-469c-8d7a-136204f2ebe0
916baf7e-1df5-4c68-8af2-7e825127df41;495e51ab-2df1-4448-b6d1-5f8bad3a6267
918e74f9-74ee-43b7-8bb9-2b7b22823ecf;54cc4f60-c4c2-4091-9aa3-0fe7c108891e
91fa4f6c-62a9-4fbb-9613-4183af30555b;45363740-2e94-496a-a0c9-c37f6388ae70
9245a7a9-9152-4c7e-a409-a7dc7ade399f;cab4d002-72aa-4f8f-a257-7e667cd78845
925bcd38-0a83-4d5b-91ce-e8ce2e1408fc;ed7f6a15-b9d6-42f1-8b72-2052470f6da3
926ac5c3-6b2e-4ad3-a16c-18bfba60f037;7d9f9a78-f2ee-490a-9f36-dde47f131fa9
92f64c10-873a-45ec-91b9-f28ce7edd6a4;d7b77c91-5dbc-4e79-b0a9-94f85661d57e
93190e28-0a9f-498c-979c-b1230019de70;cd3ef18e-f2af-4b34-a5e0-4d68fea7f287
93264489-1b2d-4a72-9935-0f400d40cb31;6257929c-3771-419c-81c3-c8638ea0a314
93434eb8-bf40-4a22-9d20-8bdd15ec6804;64599254-2fc8-44af-accc-0d1520f4f94e
939b42c8-9717-4e34-a5c8-bc4e9dfe0c10;5c53e99c-50e7-4825-b0aa-db832def29d9
93aae821-b208-4d85-b558-2807c1ce77a2;81d0e16f-cb32-4184-95f4-04767eef6edd
941d9b28-7a94-4ba5-ac35-972ab1447ef6;6b14eca8-46fc-4b75-b220-9a16ff8f16ed
9452f524-5a90-425f-90c4-7838e2a319b7;41ccf85e-405b-4913-8f77-1f28f5d6d013
94586498-1a15-423f-9217-ef5ec6b668e9;997c655b-bfd9-448e-982f-3c0fc80a9df5
946ebf86-138a-4faa-94db-127073e64e44;c103affb-60f7-4af9-a57b-84d90f604cba
94c58f84-7964-4021-816b-56f2ec4b67c6;c729edd8-cb6c-47ce-97a3-c332d748ce2c
954581ae-c045-4fe1-883a-7895cbc9034f;d925db46-8307-4818-858f-4858dffd4238
95874a29-c909-4af3-847e-059e3f22e5ea;228e7646-8b17-4b40-8994-29b35551203c
9606b6a0-c1e3-431f-b08c-2bdc25f3797e;e2ae75a2-f27a-4148-b7fc-bb59137aedbc
9606da37-d6f9-406c-9e65-c78b51f9bfe2;5754989b-9c52-480b-80ae-af69b795f730
963b2ddf-1d85-4a6d-acb8-751b47272338;53cba8da-a4b0-4709-b7cc-d320856772cb
963f2c1a-4617-4e55-a0ba-4866ee443f07;6ad66b7b-3b23-4a0d-9206-d5776cafee79
964bc42e-e9bc-4614-8c0e-c4bcf142bf89;24782f0b-4683-4f35-976a-ea21d6714ba6
96960a4e-a3f1-4e48-8896-0330088b8fa9;29d5f9c9-9652-4b68-b531-11142ebea252
9697f129-68c3-4297-a3cc-5eb971ca25f8;4ed7d014-52bd-495c-a313-b0d5cf6d8ebb
96bf969c-fc1d-4417-835d-f5cb54babc0f;665a0a30-6cbc-4602-bbc4-5ef821c0ce22
971b8e82-582b-4943-9553-13143f8d0a42;4d6bd03a-0a2e-4391-b646-529d018741fd
97246d78-74e8-460d-9d8c-7013132fd19d;aa53fc96-a6b2-4af7-b20d-b2162f01a1bf
975e63a8-3dc6-4f2d-9a7f-e0b3f9f8f740;5388c188-527f-44b9-a20e-b8bcab0f727b
975e6c90-cd95-4d1a-92aa-24b2d6656198;2d387b21-9c5f-4468-a029-f69ca0cbf3c7
97baf118-5abe-4941-9573-0ec3b7bb0189;21791b7e-6d37-4733-8973-3510c7cebffe
97bb2dd0-29eb-43a0-83c2-5a203cc1538a;d85f3201-5129-4b78-a69d-87e12be60f34
98355d78-f6e1-4562-a60a-fb47c8a73401;0cbf89d1-89ea-46ab-8f97-54f66802d1c3
9938e4da-47ea-4303-aa38-97f16d5381f4;b611cea0-5ebf-450e-8739-d2f5c2bda07b
998ba62e-764c-4e56-801f-68e02f3118ca;a47f5607-0539-47d2-9502-fa67e06a276b
998bec05-895e-43b5-8e59-953977b1745c;9d7beb6c-e1e9-4c4f-900e-07ebfa91557c
9a2ec01c-64de-4fd7-8b4c-2b6155e58a02;f76ae11e-2ae8-4113-85c7-3d14765e66f3
9a5e0a8a-00f3-4b5a-bc22-b0d95c775026;47160a21-03af-4615-89f8-109ce30cda08
9a5e876e-2730-49c7-956f-baeeab9d1b72;1bdf610d-fce3-44b5-93c6-4cae5cf30882
9ad8a264-cfc0-447c-914b-9d6e8c6bc9ec;ebd24bc0-dc6f-4d48-b601-4eaea25aec18
9bc8168c-fe3a-4f29-a7e4-f2a8da5a3f6e;54b88efd-f7ae-4a16-8595-b355973dc745
9c32c99d-bc90-4182-b4f7-50886fdb4305;e692e851-c66d-4905-bd77-2d4bf5be4bdd
9c406825-3317-4a3f-8a8a-a3e0c1cf4e22;4dd9b4f8-0f6b-4c22-9d4b-cb0b66d7c018
9d9028aa-e07f-4f66-bedc-4f9b5165dab1;073d2537-6d5c-4e01-b800-c9889c47e8de
9da427d5-3664-42af-ba81-76f4df21ecdb;703ddf95-bd5b-49c3-b020-e9dbd0f83916
9dd29cd3-8793-4aff-804b-40137c436541;4f12e33c-4151-47ec-8ad2-52e9d96fc6f4
9ec78a58-d02c-4ec9-ab5e-18025d54ac11;7e8e53c9-046e-42d6-8f2d-7bcc72cf1d34
9ec7e223-ecd9-4f05-a23c-02cfa0b01605;c0af6970-7687-4ee5-9796-4dacba904939
9f4137e6-fce2-45c4-ac85-6b5b653e80d1;386e2a42-9216-4b1b-99ed-65f90f08985a
9fa4ddf3-5f45-4e68-a324-fff4b2d70d10;15de99b6-aae6-4a82-82c6-497b7add8f7c
9fe76a23-2dc1-40dc-8c75-c2da359871e9;0272683c-cc20-4fe5-a536-d28449581d89
9feefc12-337a-4b6c-a271-fe573b03e3e5;f54d2702-1a74-48c1-8d5a-d41cb5d7179b
a06c8eb8-96aa-46f2-abc2-42aa9a009322;735e1e6a-927b-46bb-bcde-e7b394920440
a08ae481-25fc-475c-9197-48e8531556f7;dd1d0fff-c9fc-4eb2-b32e-bdae813238d5
a0a9ac9c-d84b-4540-a4f5-bf8da1c85bea;4d3f90e5-ba08-4e8f-9b54-2e67c2a32f60
a0ae45e5-d4f8-48d0-8e59-3190f95fc418;0b67efa8-a408-4a3e-bc9d-2407b853745b
a14ec9ba-b1e7-4423-bebd-8139c485c058;dba46f32-cff1-4690-b3a8-6f781e1473b0
a1abea36-2529-465c-83d3-5f3b952f2108;cf4196e8-7574-407e-9914-aa22f4be869b
a251503a-fe8d-41a8-94d6-189d38041922;51af9e0b-93e7-4b29-837f-872c3480d27d
a2870994-04c2-4ad9-aa35-656574ee8e11;af7b8f8c-b15e-4800-9149-95ec652441ff
a28c26c0-fecd-41ec-92bd-c3cdb0bd5815;4896299a-e005-412c-88c1-c0ebba9c3531
a2a03de7-15e4-4b7d-829c-8f8b474e44f6;2edca360-a1e0-4033-bbd8-9c8f63db38ef
a2b84673-8d83-4cfd-a754-f8515b88dead;5ed09fff-c0eb-48db-b6e3-20ef238e8b5c
a2e43644-032d-4322-9641-d1c926f7a2aa;ecd5b116-1f37-4ad1-9f36-6b1d8cc54d8d
a2faf8dc-e6d9-4044-b11c-f6599ee718ab;63bedf52-2b32-4f33-9fa2-065e80853e87
a31b40fe-8efe-433d-807c-6c041f610238;f12ba9eb-da15-445b-ad71-62aae904e4ae
a3b3633e-d49e-4a02-b3ed-e64f8f9efb12;c76e1782-e43b-4596-a649-a6348d369f36
a42b109c-6148-4634-ba49-a603dfdd838b;2b8aefc7-3a43-4f10-a311-ef7bc9a0cfbd
a43d84bc-3b18-40bf-9b3f-dd1111241ff0;4d1c6427-4d3c-4da1-805b-7279ecfae6e1
a4d79833-4a9b-44f2-94be-ec93b13a62cc;416e3c35-990d-4605-90a2-3893af7f4628
a50b5be8-06fc-43d5-80c3-80fdfd9ffc8c;992c3389-63d6-4646-8012-12f27bbc2242
a517d441-b9dc-40c2-96bb-bf8588fb05db;018e57fb-0471-4669-ba3b-f70719025748
a5954635-971a-4772-b64a-dcd9d6ddd5a8;57ac83d5-8d0d-49ac-a204-92b9cd664b72
a61c55fe-2392-4704-8652-e4f6fab39b2e;f1304081-580f-4549-a481-96ea7612a0de
a641c830-7777-4d71-808e-9f9896a1a79f;209dd5e5-adac-4566-9690-eaedba42fe68
a68622ef-298d-47a5-8a87-cc438af76f84;a3c74c1c-6130-4a97-a465-056f17244f5e
a69a7d2f-1ea1-412b-b7f7-212a4ef51138;8c17e0b6-9dcc-4574-81d0-ec1641f1b735
a72740fd-ce52-4f1f-8bea-d94c3d23d905;cf5e61e0-ce88-4137-b4bc-09707d9bdd27
a741c232-80ec-4c63-b5e1-03226585a640;e546ad43-470e-489a-93b1-e7461467ecf1
a787d8b2-6139-4ebb-81c7-a18abd8a2ff8;e6aace2f-42b5-4d8f-8162-71353efd9513
a7c624a3-e1a6-456c-9a47-a8329b5ec93f;d7d1aeee-52f2-47a0-b8df-21cd6127bc3a
a8bcd422-710a-4e89-9ad3-325aab812c13;820c0e06-c405-4979-8975-ecfa17abb0f9
a918e0bd-36c8-44c6-b3ac-0f350b690910;0a763836-bfe0-4d4b-a08a-02eb8d10e32a
a94b0a04-0fec-4516-ae90-543eb51f45b2;f3110361-55a9-43fe-9d41-fde9c53d2d6d
a9dc8c65-f13b-43d8-8313-d0c582186585;24365fbc-c350-4187-a305-148e73af400c
aa1cc209-99a8-4ee0-b47a-56c829f887c2;13114de7-15fa-4b31-bb11-7d32e63d800e
aa1f2aca-646a-4e42-bf4f-8e94df7344dd;fe46abc1-9633-4986-8d37-3706cc53ab0e
aa5370c8-1db7-4da9-a903-f104a94af50a;9dd5864c-1977-45d4-b1ed-4dd586385c9d
aab4036a-c435-42c3-8c21-547f0c0e0815;fc848af2-1645-4282-9e98-ba48fd1b56ed
aad787f1-08c3-47d2-b520-0b6297128a6c;6ef3ed1a-521e-4238-8ea1-b6aa3f9f476a
ab000038-5915-4b34-b82f-6ad272dc2398;bc99c3c0-21c8-429d-a11e-84290b4110d0
ab176747-06c4-4a18-989b-6e4fdb228b47;1db39d43-c8d8-49f6-8845-7bfb5b0cb8f7
ac090ec3-ef8a-422e-b837-9cdccf524227;e3d8af64-2958-465c-a0ad-ae10436025f5
ac1796a5-c966-4ff1-8a64-92a53145d226;8dd6d27a-9351-4ce4-ad7a-59fac09846a1
ac7e40cd-e53c-4906-9a85-e810ee95977d;0cba5934-23c0-4b67-9792-ec9fd8de4da3
aca28be3-52a3-466b-8b13-273dc3e8833b;ab1f3033-6490-4dd9-aa9f-de47b7867a76
ad1ec3c7-baf7-4f80-99d4-85442490ee37;e11e45e6-0b95-4fe1-9144-b2759e117db4
ad213e62-aa19-476a-b43c-f6fc4ca413be;58c15356-693a-4ae4-b52b-9a29a2d0a58d
ad7a29f2-9721-466a-a6ee-bb502ec6dafb;c1d15548-0725-41b0-ab8a-5d993344f0f3
adaec071-b230-415f-8e4a-ff5e60200a1c;1e61db24-fa47-48fa-9223-f4a5a183ab53
ae3d9ca7-d99c-41b6-b0ce-ac658396f85a;bb6395d7-8c3a-443c-b763-dc5ab14ada39
aeaa6ad6-0ca9-4264-9b84-a86501f0dc70;ac75d0c3-3ca9-4fc5-97dd-817b8a8f6200
aeab3c98-021b-4414-bce2-09468b94bc44;8660bb1b-75d7-4559-b601-7be20175ac8d
aeb94528-129d-4525-9aa5-3ba2be78bb1c;d3f68e79-a986-4cd7-aeca-c546748af356
af7819b1-c779-4343-812c-989388b3e8af;5b88a9a5-32ca-4a7a-ad17-d83801f4f95d
af7849ec-0645-4147-98aa-1fe35a43d9c8;ac303844-be42-49c8-b754-252d88c1e123
af91e3ee-544c-484e-b7fc-1ca131133d1e;ecb15d91-face-4c66-8f1a-4175177d74d9
afa0d930-b069-4701-b1df-b3016b57e4d4;97b32dd3-0835-419f-81b8-5b6020db7cff
b0433b96-78f7-494d-8596-1b3e836fcb09;ef0d79eb-ba73-44de-a770-698b61d1897a
b0512370-b93c-4847-997a-741023a4372c;acc75571-ba57-4cb5-bb7b-c140987ae94d
b052210d-9b70-4b72-b807-2927f3338ae4;73217671-f98c-4585-bc07-c8072e43529b
b0652e19-c336-45ef-90ad-36b828b19793;a1a6eef3-6f40-4819-b927-8cfce8b0304b
b0a7e617-7173-47dc-8523-3cd57a0b65ef;59f7d00c-5725-4649-ac89-7b2600f776ac
b0af53b7-ed49-4932-9b3a-bf3e47fb577a;1e00955f-10d8-4a7b-af2a-6d7df2f2d7ae
b0eae082-8d70-4d9a-9281-a304b73922fd;af533dea-6bcb-4d45-afd2-118e5b4946ab
b11d0d17-2e64-4387-bac4-738054a2b7d0;3f1c0bd4-2ac0-4f00-bad6-ad5a3085e89c
b262edcb-85a5-4d0f-923f-d0e5be6fe462;771acaec-d870-4559-a974-d5f56871d8cc
b266694e-18fe-4ffb-a358-12a2fb277689;d0ef090a-a975-4751-aac7-ef590a5b1518
b2a1c6b1-01bb-4292-bb3f-8d4db6f44e23;9feb10fb-eee7-4e47-b131-d2b77115b083
b2ab9dd5-cb89-495b-a9f0-330243cdefb8;aaf92334-0fcf-4f85-8b4d-63ae2791e6fe
b3bad17d-c4c1-45ed-808a-7dae2c9497fd;765f37fb-eb40-44c0-a678-d64d43353ddd
b3ff8464-a34f-45e8-a735-c312929a0c75;3ea4eff9-6c90-4a42-9e4d-15c25659126c
b47d6441-3de7-4b01-8e61-968b7d7dfa07;946aaa09-5b59-4e79-8658-7aae8a616c1d
b4ce9af2-d56e-4772-9a4e-7e733733ad38;1ad23c4a-5b47-40be-9459-343d94a70e6e
b51e9800-d1d1-43c7-9837-c4df6aa44624;ef749ecf-db04-4648-a001-661d742839cf
b522e941-52f7-46d3-9014-ceb71e8c870e;3ce209e3-cba3-43b9-a2ec-2303d1fec83a
b578ed1a-dadd-487d-b2f7-9f7603057cb8;439945be-3093-4634-a5e9-44e71cb87a37
b58b6e68-c521-4a76-914b-6a609392c82b;9c70c027-d429-400f-982e-969439ff2fc9
b59ad3bc-6de7-4467-a4b4-b00375fe726d;c8bb8c90-4d11-421a-881c-99370e964c54
b60100e7-e785-4be9-af61-1e9f3882e0ff;86cbd9bd-346e-4d37-b2f4-68d6f230da95
b6b26f1b-0413-4b70-815f-c4f77932cec6;4a36754d-d539-4e9d-890a-9d545eb3caea
b6cb6d77-87c9-4e2e-bb2f-997e9f6cb01f;449ff974-9d34-4e96-ab4a-c16d325e1dc4
b6dbee64-1a42-45d4-bc98-88cd980cb715;e95a680d-dc8f-44c9-ba91-8a0363f8a66a
b71fb7aa-43de-487f-b3d3-69e91ff8fdf0;27f2c898-a2b4-463c-9df2-1b011d956ec7
b738452e-33b8-4215-a0e0-070ad0fa891b;d80b9731-a908-4151-a4a7-16d35ed02580
b73fb061-c8a0-468f-ab7b-4fcc4805df51;f78c7155-a694-405c-a087-e8f57b160ce9
b7b500b0-63ce-4413-9b0a-f6abe18af87e;57bb763b-63c9-463b-8546-6d4f67bda966
b7c103e9-69a2-42fa-8cc8-bf78cd5eface;6418a8b4-4cf3-4104-871c-67546802416e
b7e901d4-3a1c-4d5b-b318-c9e7b304f18c;db43399e-6509-4863-acc1-a04b2baafdee
b7f7fa09-d2d9-404e-b408-0aa34df365af;52e08544-b226-4c1c-ac31-627609e386a9
b80e4a68-7853-4817-aca7-b941d0bb4d66;2f0a0c33-f69a-444b-b786-964ab21aee05
b872783b-4232-4516-8a73-e02d8c399b29;537f85f1-aa0d-48e2-9369-b6405f450ed5
b8c56daa-5038-41fe-9517-e4bc07d5e4e4;a72e0d75-d6cc-469a-8eba-ceefcedee318
b8daae35-13e6-45e4-ad32-4541ba56dd4a;92feef76-9fbf-4786-9612-caf7bd3b61c5
ba6fcac1-7482-47d8-abe5-8c0df3ad52e4;a7f3049d-bfb8-4a9b-b0b6-84a455b34cc4
ba965b96-3f3d-4175-9a7d-7b99b1e56ada;292a9213-3464-4d72-8728-39395d9b90e1
bab92864-68e4-4444-b9a7-6cd4bbf367c0;2e54d7ea-3c13-4ee7-a3e6-3a21932ddc60
bacd594e-5f56-4f10-b019-745498430e11;a7bd1224-34cc-4574-8714-ba1767f2e480
bb824762-8b95-4911-85e4-f5a7888b5c1e;847e6df1-721e-4e09-ab05-d0a30e46d020
bbfd1530-82c6-4472-8142-514b3e10f647;b39ea3f0-d3f8-4834-8b98-584668e5026f
bc861f22-9d78-4cd0-84bf-e9256d2831c3;0950e159-517b-4fdc-b315-fd70a9063f42
bcf5365f-1184-467e-949a-27f8c3bf63a2;80a3199f-438c-4533-b57d-771e3721dee4
bd13c30a-5634-4065-b3fd-d5d739b87d5e;a6fe6f33-d7b7-4d67-bf49-98bc548f4008
bd148b03-9dcf-4c17-b5cf-11087f01bd4b;9f39545c-f6e8-440b-86e8-521a7fa14e1e
be38f3cc-34d7-49ef-83c4-ff1a9a770062;f25097fb-9dbd-4380-b329-0a64069e041b
bef1cfcd-e28f-416b-88f2-bca1830f7bb3;ae5df935-e143-4952-837c-9a185aa2e98f
bfb9b1d0-4507-4eee-8e77-ed2d8b2df3bf;98396d27-d72b-4fe2-8b9b-3592ad794d65
c09cd366-1f10-4f99-b1dc-8a7ee73bd1f5;5a9e799d-f8af-4993-8eef-1dd4ead43dd3
c186c221-56e3-4103-94a8-e75ef03f5152;8c769d2c-e758-421c-8401-0b0d9ec3ec99
c21729d9-c4ef-469e-9503-eccd23d0e12c;73294494-6d56-4255-a609-eba0bd4a0785
c219259d-5b40-4d20-a8e7-ee3b81d46bd2;326ba857-48df-4d9d-976d-73caf12b1c1c
c2437b1a-af10-47b7-8b22-dfb10bb27ea8;77923780-420f-4635-a6fe-a8e6118afde4
c2718857-b812-49da-a09f-25bb21674997;2171f0f9-a7a5-40cd-99ff-80609fe99130
c2ace2d3-0df5-4adc-ac42-c45c255201b1;2708cbd0-c87f-4bfa-96be-a1844edd9955
c31938e2-2da6-4407-aa75-f1898f84461b;3a7b35f7-69d4-47dc-ad43-4f2f9173a280
c37acded-ff68-4c76-a544-81eef99035ec;faec8007-d925-4e21-b828-07bb24123e95
c3829786-fdcb-4bd8-b4b7-13c00207606d;ce4854ab-867c-4511-be98-13b4698dc972
c3c41c4e-ca18-4e24-af8e-20f60e929b8a;0f461687-8b48-4020-a07f-c83635995c1e
c3ca2c48-0024-44b2-b9bb-8b4bb6991e48;194282ca-358d-451b-9c86-30d4c797c231
c4249b9c-86c6-4696-bf51-444b8fd5d81f;842ab390-cc24-4dbb-b17b-e32275ef59e1
c4b53985-5c93-4632-bfee-d6129c6f4896;1f12d078-7d13-42e7-883a-f6dbc7386505
c4e8bba1-a3a6-4fc7-970e-60272b16e0a7;e329ea92-389c-4545-8d88-a2ac6e8cd742
c5215178-a147-4718-88bb-2d701c0dfd1d;f2d643aa-8a1d-43b4-971a-7ea524f69068
c521f73c-22d3-4076-b82a-d98afbedca26;eacdf041-b489-4418-a709-bdc3ad7ff570
c5778277-7313-43cd-8f32-31f1e13d7275;e171ed13-c0f8-487e-814c-d6f8f2eb82b4
c5f5458b-d0e1-4182-9640-2fc3c5d495f0;7527555f-12f0-41a0-ab95-89df9aee3c29
c616d91e-7377-47e6-987b-bf0ed1abea77;0269fbcd-ae33-43e9-a6b0-63d8ac4a1a49
c646dcc7-6922-4010-b9cf-d847b0d94ffd;f3bd6716-de76-486c-8e2e-aa232a0fe77e
c661acc2-a1b2-4216-941b-e62c7772c956;440fc730-398d-4a07-80e8-296fca9c44bd
c682d0cf-13a3-4216-a7b2-f1afee30e2eb;0150aea5-5a40-4c7b-8b2b-de741537cc93
c6eeeda1-1a46-4a36-9ce9-49d7087b74d0;52131243-8430-473c-b07f-de2ef790b61f
c729b7fc-606b-4bcb-ad29-4e1206650371;112d7e7c-d9ca-414c-933a-a8359b7f2fba
c736839d-686c-49af-9270-a0b968dde597;26f33c58-4009-40b7-93c0-19b2774fd558
c765a68d-7653-43c5-a5ad-8af08017a82f;f20f9642-12a3-436c-85e6-f527601a87ce
c8b0f5de-af88-491f-af2f-e44961ad53cb;9092794f-26b3-48b1-b3fe-e3eaceffc5b9
c9344b03-22e4-4077-b6e8-6dc9a0d70ccf;67c57c8b-d083-436a-a90f-d48390dc9b88
c965e64b-58a8-4045-951e-1499243dec81;3d8c8873-0291-4372-a6d4-e669ca7d03df
c9bdc545-4dcb-4db8-adfb-9d017478999e;a8a48240-cfce-4ae5-8522-96cd67dfaa6b
c9f66e31-364c-4583-9580-5ef16bfa1c5a;b9b044a6-d440-4402-adff-408ccc860a51
ca08dcc0-9850-47ba-a500-c056dc0665b7;a9e4d3c2-db64-4317-a0a3-7e99d23a4a31
ca6bf017-9bba-4178-a04d-4227448b773e;88520a32-bd9a-4e69-a5c8-706d54776b0b
cb12a4f3-dd8e-4a2d-82c2-8852a86b4b24;fb88d1ad-3fe7-4d95-a584-26a9a35f609a
cb17d5e8-db55-4de3-8172-76158ee92f58;188b3d9b-1e40-40cd-88eb-8dadb13c181e
cb4aeccb-c75d-47c5-bc4f-2f3b3dab74f6;9bd51cb5-47b0-4757-a784-b20b9eea6e11
cb87d378-4fb3-44eb-95f9-dddde6c13dc3;b69b5a0c-5e77-40c7-8ce7-f3ff4888be3c
cbc90e74-6c5a-48ab-aa53-9866da162fc5;5673a48e-a3c1-4562-9b0e-ef945c913699
cbd6b0b5-3d07-4e49-935b-725d2e1e7721;201002e3-7380-4e89-86e5-f0ceda670fed
cc31c6a3-8a8a-4afc-9e0c-a0fcbbfef232;024e6468-2bde-482a-8f9c-9ddc62d28d04
ccc7ed67-116e-41df-863e-0588fa466a5f;4a6c5f35-a1d2-4c27-94e6-275f0794c560
ccd233e8-c79e-4ff9-9006-39a7979a9987;9d71b614-62d3-4853-b8db-d7f338b246fc
ccea76ee-cbd4-4d13-8fe9-bcaa0b6af688;a37a67a7-8bc6-43b7-a925-aad521645d31
cd2ca0be-68f2-4841-9172-936a96382a02;218b2766-fad6-487e-b880-b07989f1a1b4
cdcc5334-b6f3-4306-9206-8c824844af2a;bd14142d-0444-44d6-a324-67bed424f36d
cdde0e1c-5c1f-43c0-8746-b2beced9b761;60776169-ff78-49c7-83ca-0307bb3e2322
ce3c526e-54f0-4120-9d91-ac44ae0fd80e;e2c9d86d-5c6a-40a5-9c0f-f06e6de08d2c
ce524143-8b7b-4fb2-bc5a-6f1161b01ef3;33c67912-4cd4-4cf6-b11d-19bb484e06e6
ce9188cc-6f88-48bd-8646-0353c7a3b149;d9319b0d-74b4-4d11-bac5-8788ca2d9b2c
cf107b3b-f6c5-4445-aac4-8a045488e290;a2c3e77e-dc19-4cc1-9daf-a2e9bd256613
cf744222-0844-4657-85bc-1b2c44eecea2;0ba90a7f-c3af-48d8-9a7e-6deb574b8f4d
cf88c0a6-08ce-417d-ab60-946d46310e06;15871c94-d75c-441d-a0f4-fd41818a9d4c
cf890090-3624-4379-9270-26401e0de581;39e5e3e7-367a-4072-ac67-161ab3a58785
cfe8f077-b82a-48ef-8191-4e5b8659eab6;a2c8207c-3906-44a8-8e55-7d1f648dfb83
cfef4c6c-3abb-436f-8ba7-22fffd3b4135;b599ca50-c506-405a-8f4a-cd1166db6cb3
d01c7bde-3731-4fd3-8eb6-6c0e250cd747;5ed834e1-1104-44c6-9216-251241f4bf3d
d03041a7-d857-4732-aee3-588c3aed4164;dfe01753-5f94-42d5-9cf5-08a5c70dc992
d0461d81-6825-4140-a5d2-27c9d97af495;55dfeec5-2319-4aa5-af19-47e001bb0746
d0ab093b-8768-491c-9565-1770682dcd3c;a23cab38-fdd0-4db7-9d12-c909bfe4461a
d0ca00ca-1450-488a-852f-52707208cd64;898cc627-4ee8-4ce4-a317-cdc22596c41d
d0e88082-74d1-406a-9041-b9e2cfdc8bbf;665ae699-5dbb-415c-a94e-be9bfa33c87c
d1315e95-555c-4d5c-9da2-8d49782eebfc;82ebb0e6-26c5-480f-9b68-ec630aae7543
d131705c-b686-40bc-91f0-9420fbf3d6a0;bcce6ebb-c355-486d-ae55-203948c0d82a
d17c6184-8a8c-4c4c-aeac-d3174f5659fc;0957ed8c-374a-4851-bcac-4e34807e5c64
d1a3a904-3800-41a4-ad39-84d3b6bd1334;ae1eb534-2d9b-4cc2-b534-8bf638a4e6af
d1b75b1a-ea88-4af9-a6ef-5c7517916047;54a7f20b-f621-4d34-bb11-1b460c372a7f
d270cd79-1a17-46d3-9ce4-02e28c9d17bc;43bc7c95-609f-4746-92f4-5b9bf2ffe2d0
d35b402f-6741-46c6-bab8-e566547728e5;e3dbd1c9-4a7a-4d5d-9623-900ed1915411
d39cd880-572b-4630-97fd-86351c29cc68;5206d4b4-eba7-4ca2-8ddf-950b4e31b2da
d4a1da50-cdd1-4e56-9cc3-6fdcbe87f2a3;615a4c78-f852-499c-a9c4-ff2c1fe8cc9a
d553433c-1180-4560-a882-b720633e3e4e;20b0921a-c3b1-4b5b-a520-286da94d00e1
d572f03a-1650-4b8a-9114-d86cebd32e70;b0e600b3-f3bf-42a3-9520-35fcf2846af6
d6128149-3d64-4b8a-94bc-76d9469e3360;4e5bdbac-0450-4f90-b80c-8f4bd2d2945f
d64d9430-4ec0-40d9-bce1-c4ba6471e6c7;7b1cd516-5195-4ec2-b203-42fbf741745d
d68491d2-89e3-4712-9074-f810ef267d7f;d2d97455-cb6e-4f00-9b6c-6f1464ede6a6
d72b2122-1c7f-47a4-9554-0b4e5e5a9c45;e845d14c-a234-4e52-864f-b21c6012e98e
d77cbb3c-9e49-4a6b-ac38-7dfac6832a56;3d291706-eee1-4a7c-b8bb-6e6dd6787236
d7b422f4-0c0a-4bec-92dc-aba1aeea8908;2f12bdfb-d23d-4051-9974-8e072d8cc540
d82b8296-db6b-4a00-82b2-3af4d9aea008;8279410a-1a1e-4a41-8304-0d1f1eab8e6c
d863d226-05f3-4783-acb4-2e24c25ffe02;07aa65c2-e819-4d9c-9245-a1bc5124c505
d8721770-14c9-4dda-bbcd-43ad031bc7dd;ece589f6-9237-493d-8874-982b07776797
d8df1ba2-df07-47b3-b63c-d957fd118532;7e2b6737-b951-4c19-9709-6541098a1148
d945748a-778f-4c99-b406-d18d1640c116;09b145b6-db20-4c5b-8b6d-637b8ca8c3c4
d9b46de2-f103-468e-9ccc-a0dcea62d1d2;635f3c6f-40ef-4a74-9143-dfadf45ddbb3
d9ed9331-8bf8-4c57-aa8f-7084517c5544;61dd19c2-aa65-4d1b-8a36-ecca515d8274
dac55348-7c51-46b9-8993-b500552dedfc;66ce0b0b-0887-48a9-a5a0-857c9126be8b
db0ac0b8-95bb-4400-a6ef-a859026abbe1;376ef93b-5ebd-4ade-9952-734eda38be94
db61118f-25b0-4850-a1bf-2d3e5fe49bac;7859bc78-34c6-4b7e-af3b-a8bd55cd18fe
db7f9d4d-485f-4bbd-8e78-66cad4dc50ad;d76e4861-69fd-4f82-8fe7-2a447682755e
dbeda106-fe22-4c05-9a2d-249ed06f1bce;c3c95e45-5ddf-4512-a29c-0bad2dc3c447
dc05818b-d9a5-4c41-9a66-d23474db9c0d;f55b80d0-782e-4938-b3dd-8f75d93be75a
dd891647-913a-489b-a21f-91b869903366;ea7615bc-7e29-4eac-8f9b-bdfc0b8bb0e1
dda812fe-e7a4-459f-b0e7-5372c1b15aee;d74468cc-70ee-4f82-ad28-8ff3b4856fa1
ddfb8513-f1e7-4920-8922-570e8365cf86;1a666846-a041-402f-bdbe-2a386f1dc82c
de1b1f24-2384-4337-9f52-ac67274785ce;63e6c6c1-dc4e-428f-aaff-8c33231b9084
de49ff3e-adf5-45ed-a345-028659fa0a43;c2b9fc2a-1bb1-4b55-bf90-a9037510cebc
de5aa0c0-2c65-49f5-8bb0-6a3e775a1e58;e47fcd31-4211-48cd-9908-fb8983e3b9b6
dfa890f1-9394-45a9-9286-a49054cea70b;25b8fb21-cd6c-4aa0-9e23-6dcda71c5a3e
e0656776-460f-45ea-8122-7fac444dd109;50f93e2c-d0a3-4b07-b233-2d36ebec8f52
e07bd195-06b9-4b14-a2fd-fe4d50f623d2;8f474ae3-2903-472b-a745-131d2dfa3fb4
e0c652ae-1de6-4ff7-b782-4fcce18f33b1;e7ea2d07-d907-4be4-a638-cf1820f46417
e0fa2585-a4fc-4c6f-9718-1e8d7a82dd03;949525eb-cb4c-46a7-8cda-523693c59992
e11a94cb-1055-43ac-b03f-0c356fd04687;c5db0a6c-fcaf-42c9-be2b-0e545bab740a
e11b03cb-b8d2-4711-a9ac-ae6f21f03342;c828539c-ced8-4df9-aa76-cc3154c0fed4
e163e35b-24f6-4ed7-b19a-5bdc60bdbe8f;088bc725-bfd9-4ba8-b2da-78ff4d0de29f
e29f314a-3e91-47c8-a7c6-552cb979cadd;711e99d6-5f86-414e-b2be-094008ecee1d
e2c4d9e3-10a6-47b1-bea9-beb89476de3e;e4a58816-2b70-477d-993b-791396b5da05
e33e3186-738d-43d4-98ed-14d090e85947;adb8dacc-32b8-434d-85aa-5be969b97713
e3d318df-4269-4b27-81f8-1c829e986dc6;ab32b12e-bdda-4c6a-9833-201dab0b86f9
e3f80124-fb1c-44c8-963a-3e8a227cef5c;9296e923-1fbc-4caf-a2f5-80383c00b1b0
e4269e2d-535f-4158-986b-4096cfd8c46e;cdb66794-7c06-4bde-996b-797871c48a54
e45ec0f6-078b-4029-adf6-11c5baad6c56;ec9d43e0-dbc2-4c93-b0f3-78849f8d5450
e482860a-7664-4abe-aa4e-b34618fc2daf;2fd390e4-632d-4ba4-b848-f44dbfce7aeb
e6477262-f068-441e-9164-cd87b179b958;0bb80954-a309-484e-8172-3b23e1ed6ae6
e6760d13-8564-41a1-a1df-7e62275dfe4c;b4a15843-ce66-43a8-9460-17d1076f342c
e6d1f162-412a-411f-8d66-6345cafddca0;08bff46d-4dd0-49c1-ba65-77311b068b13
e6e94c37-eb63-44e2-afe6-ad43dee81c36;ef3d1aa1-c4c7-4ede-93fc-521b9339a882
e72d3a7c-2de1-4fc0-8955-08c8c2035914;d6ae3f9a-f285-4a55-9888-9e950a775b76
e783c109-6bc8-4475-afd0-4930936adcb3;a4b33ee8-1a2d-4995-a2f4-7ca6ce8a2948
e7cdfcc7-3150-4d9c-80cf-f5e9d88b0a6f;042be482-0ccf-4715-94fd-da64286d9be3
e7d49a66-824d-4466-8500-933f9184bc1c;75bc6451-dee4-4fce-abd9-1f7c4b7b5e14
e7dcad0d-c44c-4441-9e2e-1223756d8b12;a8a1281a-8c97-429b-adc2-45f1a110dd3b
e8b35f0c-f52f-4033-af2a-e4d8d9658081;e890b48d-bff1-4056-bf34-92f75db367c9
e9d266fd-823f-4081-a63f-04868a8e6eac;879cad6c-c340-4adb-8ddd-1db8e8b71e11
e9f41364-6916-4ed7-b46e-c5209583a612;f6182173-3970-4bcc-8a49-d4fd0951358a
e9fcc42d-2068-4802-9449-82f2e65b1a07;a94ad033-0b6c-4836-ad4a-7fa44c6223ca
ea2bf5a5-1501-4803-b93b-e461393564da;b54e3b5d-38d5-48da-b5e2-182632729d2c
ea3318c3-04cc-4846-bf00-72daac43f6b2;8b3dc4d2-d9e2-4e48-977c-c779fd14e446
ea609ec7-a659-4f39-92d3-896e8739e687;7e0c88f6-7149-4fda-a116-c164467a793c
ea6a2dbf-5f8d-4b17-bb2b-8fcce483e63f;314f032a-d0c4-4401-85af-afb0a7838447
eaa2cfab-e572-4dc9-9db1-03edede4dde5;b9c14d58-4d6b-4276-9024-11700ec78923
eb48a019-d46e-46b9-90d6-317992a844b6;0864d822-5ecc-40fc-a727-bc22386442e1
eb50d374-c0ca-41a0-b57e-c07f9d45c48c;400448f8-f0a6-4ab8-a4a2-e5bc16d92296
eb5390f8-74f3-46be-9815-c2dd9179850b;98953b1a-ae7e-4e50-b264-bdda6c3a4a6d
eb7ef9cd-590f-4a6d-b25a-212d75956fb2;53ac9bb5-6236-4fe8-9809-1b2b81d2552c
edc3eb00-4e46-4a4c-90f9-a38a3d8d4c0b;c19ee2c8-c9f5-4d5e-a7de-ce0ce374d97d
edc48e47-cade-4d64-ae01-4ac7ec614b8f;e029c52e-791d-4008-a23d-8393fc948ebc
edf5a885-d45f-4a7e-a864-ca330cf257c7;c9b33332-b489-4ad6-90ac-38d687d74124
edfd41e9-5b1b-4073-8fc5-d07e3020bc6b;e8399923-6f47-486c-aa2b-fe8370381b80
ee226aaa-5af0-4d3e-a691-525dadb96c82;64343fda-f940-4733-9cda-49d3e14f0362
ee684f19-caf7-4e5b-be20-763bca4f53ea;70845f41-0fdb-4f8f-910b-5b3ac34fb562
eeabf762-354a-4ee4-8fb0-d8946b85f8d4;89af1f57-f17d-4021-b230-46496908c1aa
eeae4ffe-f465-4235-8c14-b7cc19dcced7;9392e3c3-647f-48ba-a14c-bc5fdab03d55
eef67915-d491-4bca-b096-8b0586c5b522;ea552524-ffd2-420e-9e39-e02dc3efa419
ef607b3c-0802-4ab0-9f6e-b57f3a23cd39;6782d4b2-eb47-4166-902b-84c764984cdb
ef63eb01-8714-477b-b38c-f3c80812174b;a63a80c1-d3d2-4e63-8ef0-152d92bb8072
ef74790e-068f-41e7-93c0-d1655bf4b80f;36f88769-bac1-44fd-935e-3c718908947c
ef96db7e-19aa-451a-8524-bbb17e70cef5;7585bfb9-ee37-4f17-9a53-12f21ccbcd58
efaaa25c-a99f-4235-8341-f0ede9c83795;49ace919-5701-409d-a629-cc88e48d2506
efeb790b-8e09-4c62-ac7a-d3300cdfa03a;e469d34b-febd-490f-aac6-42bd08be59eb
effe90ee-d701-4539-8a22-5f8b500f87e0;93201d89-38cf-4ef1-ab60-68a26e3644de
f1a1c8b2-4b94-420f-babe-b232c73c8ea2;c4684fff-50b1-4e9f-a0ec-08d7d5529db3
f2042388-1564-479b-a4c8-894f25074c87;4862874f-0d2e-434f-a86f-66e27699dfb0
f241cbcc-f13c-415b-b86d-d3afe4ac5af3;cf0a87ba-ded7-4575-8f32-05d42352885b
f335f3fc-eb1b-4829-9c94-3efc9b15b017;f0c15b29-7107-4d7e-b97d-b397c1848170
f4840bda-223a-4b89-849c-5b729c30dd60;8e617b9d-8bfe-49bd-b73f-189fd1f39718
f4d73c65-5d92-411a-a97f-3be4365997ef;e3828641-02e8-4ff4-8293-78876e0417c8
f51cc242-2eb8-423e-8439-66e05375aac9;7d296e71-132f-4ad3-b943-601fd364ca82
f527a1b6-bde4-45ec-8d93-ef639dd0744f;2e16a6e7-128d-464c-a2f1-fe7b2e6c6f5a
f586edc4-6c34-4c1c-a422-2f0df1fc5469;6cbfcf40-488d-43aa-bc94-1ddec83ce8ec
f58a3cf3-8c93-4df3-ad62-c008d861ba7f;a3a17cf7-746f-4ccd-a2c1-c22350a1addb
f5a414a0-72fe-438d-a273-b7d775e4fc78;58626d92-16f2-4ce9-8524-6f6e325086d3
f5f10405-9aec-4eda-8175-f841e8cec3ec;6eef9831-6e44-4c07-a9f9-80ce7a5053c1
f60da7f3-111a-474d-b473-fb7e94db7651;29e0d597-6d2c-49d3-bf2b-83a3535aef81
f6826b0c-23d3-4e6f-8370-be7397d64bb9;9efe888b-ae39-4831-9ea8-a550eb66cbe0
f6cd2003-a0b8-45fd-ab74-08ed847bbaa8;19a8341a-0212-4553-a7c2-c8d1a6372c07
f7235fa4-2b82-4747-9094-2a102e4083ea;3c3e27b3-cea0-46c9-8283-7dbf91c1f8c5
f72d3983-0bc4-45b6-ac14-265482862423;0d9b7eea-e790-49e1-9413-2f20350d0c29
f7f448a3-2186-40d6-8325-fa2194fd9fc5;0b07d3e4-7682-4d66-b418-587b7be8efa4
f8103699-fbb9-4b48-8d16-4d518bf01fb4;5576a1f5-74b1-4025-b840-008480d1012f
f81bbe26-276c-443b-904e-778d031f7b30;7111f7ec-3f5e-4eab-bad9-f096d61a1e1f
f8a26941-9fa0-4b08-847a-749478d3f4de;0a4eb062-1cd2-44fe-809e-922eaa4e8fac
f8eb0f93-1bb3-4969-a046-99fa07806cb2;48194e4f-59a7-4e8b-8c3f-db3ad783ef7c
f9c0a8b0-1be1-468c-8c85-450b2ff0cbb7;0e8b335a-8fd0-4e8f-813f-4d2d80171e4b
fa296a48-dba1-4272-ab32-341f35c9221a;496d971b-e300-4d53-a8e1-c161bdd9f775
fa311a45-7a1a-43bc-afa0-431ae94a8029;74fdd778-0e98-4bf0-a853-949fdf11a709
fa6682fe-b6c9-426e-98cc-48bc18186f44;d11ebefa-9504-4986-acc8-d2e30c947a9e
fa68f2be-354f-4163-b5d7-b122218f576c;e8caabd1-2f5f-4cd5-92a0-d07c6dc98c43
fa70ac05-4771-40c0-8992-4bd50909cbd9;05107866-f587-487b-9f12-8235c9b5945e
faa504cd-34fa-4ff9-97fc-73b1b6c8f92e;c929b768-af63-4edd-a009-03c942f2dcac
facbd9b7-6ede-4bc3-a2c6-cf16298c0eac;c1e0f979-3c90-4cb6-afc7-a8289252c816
fb01bf04-915b-4d39-9674-bf0f05749533;ef5df810-be4b-4511-af46-094694d07218
fb4a1546-1596-42ea-add6-4ba9e5ee4454;a76c6fec-817c-4c83-956a-6e35f0791aca
fb608189-ddcd-420d-b90b-52fedf41c1a6;727056b3-a464-4044-967d-a2d3e8412802
fc22caa7-e7c0-4ced-b356-b7b9f8e16359;e9c18ad5-70a1-4143-b573-c9966d0c2d42
fc6b08ed-4f63-4ba8-8ef8-c3a0d41a0415;6dece871-c22b-40a9-a919-19a88acf3401
fd18de09-c95f-468b-a68c-e1f372903d1e;819d0d48-1706-48a2-9ac3-84c2d168b099
fd7b1c02-7ec5-49a4-a62d-d820fa4efbc3;fc663e74-8ca1-45b7-b2f8-bec0b633b775
fdc2843d-f74f-453f-9f9f-3fa051264005;d357d436-b3ea-4628-aa70-bab111fa805b
fded8385-8bd6-432c-91bf-9b879ae70564;435b601d-dbde-422f-bbc1-a782028cd945
ff10f6e1-4f5e-48df-bc89-000e71930136;b0af2dc2-18f4-4c00-8d41-f214a507a018
ff21e5c4-1ac4-4c57-b80d-b590ddb8ae76;07e359aa-8dfa-4a4b-ae3c-2ae38dc34764
